ResponseId,task,task_id,choice,estimate,score,numeracy
R_0DtEcsGzUrrLd3X,A1,high,vor 1920,1900,3,high
R_0DtEcsGzUrrLd3X,A2,high,höher als 19 km/h,24,3,high
R_0DtEcsGzUrrLd3X,A3,high,tiefer als 207,170,3,high
R_0DtEcsGzUrrLd3X,A4,high,mehr als 130'000 Kinder,200000,3,high
R_0DtEcsGzUrrLd3X,A5,high,mehr als 80 kg,100,3,high
R_123efBSfQQXgWnd,A1,low,vor 1850,1828,4,high
R_123efBSfQQXgWnd,A2,low,höher als 11 km/h,25,4,high
R_123efBSfQQXgWnd,A3,low,höher als 34,190,4,high
R_123efBSfQQXgWnd,A4,low,mehr als 30'000 Kinder,60000,4,high
R_123efBSfQQXgWnd,A5,low,mehr als 10 kg,50,4,high
R_12a1UWIyxeJMcwo,A1,high,nach 1920,1926,1,low
R_12a1UWIyxeJMcwo,A2,high,niedriger als 19 km/h,15,1,low
R_12a1UWIyxeJMcwo,A3,high,höher als 207,208,1,low
R_12a1UWIyxeJMcwo,A4,high,mehr als 130'000 Kinder,250000,1,low
R_12a1UWIyxeJMcwo,A5,high,weniger als 80 kg,40,1,low
R_12GC6S5wYff365T,A1,low,vor 1850,1845,4,high
R_12GC6S5wYff365T,A2,low,höher als 11 km/h,20,4,high
R_12GC6S5wYff365T,A3,low,tiefer als 34,30,4,high
R_12GC6S5wYff365T,A4,low,mehr als 30'000 Kinder,60000,4,high
R_12GC6S5wYff365T,A5,low,mehr als 10 kg,30,4,high
R_1Cf4vATi3WCKN9A,A1,low,nach 1850,1870,4,high
R_1Cf4vATi3WCKN9A,A2,low,höher als 11 km/h,30,4,high
R_1Cf4vATi3WCKN9A,A3,low,höher als 34,57,4,high
R_1Cf4vATi3WCKN9A,A4,low,mehr als 30'000 Kinder,70000,4,high
R_1Cf4vATi3WCKN9A,A5,low,mehr als 10 kg,20,4,high
R_1cT9BCTuZPtvDEL,A1,high,vor 1920,1873,1,low
R_1cT9BCTuZPtvDEL,A2,high,höher als 19 km/h,32,1,low
R_1cT9BCTuZPtvDEL,A3,high,tiefer als 207,120,1,low
R_1cT9BCTuZPtvDEL,A4,high,mehr als 130'000 Kinder,150000,1,low
R_1cT9BCTuZPtvDEL,A5,high,mehr als 80 kg,91,1,low
R_1CvEIztkQtuNfzf,A1,high,vor 1920,1890,0,low
R_1CvEIztkQtuNfzf,A2,high,höher als 19 km/h,30,0,low
R_1CvEIztkQtuNfzf,A3,high,tiefer als 207,190,0,low
R_1CvEIztkQtuNfzf,A4,high,weniger als 130'000 Kinder,100000,0,low
R_1CvEIztkQtuNfzf,A5,high,weniger als 80 kg,50,0,low
R_1d0ryhAR50ZezuG,A1,low,vor 1850,1820,1,low
R_1d0ryhAR50ZezuG,A2,low,höher als 11 km/h,40,1,low
R_1d0ryhAR50ZezuG,A3,low,höher als 34,150,1,low
R_1d0ryhAR50ZezuG,A4,low,mehr als 30'000 Kinder,50000,1,low
R_1d0ryhAR50ZezuG,A5,low,mehr als 10 kg,15,1,low
R_1eVsaqCWaRNhl57,A1,low,nach 1850,1940,0,low
R_1eVsaqCWaRNhl57,A2,low,höher als 11 km/h,16,0,low
R_1eVsaqCWaRNhl57,A3,low,höher als 34,36,0,low
R_1eVsaqCWaRNhl57,A4,low,weniger als 30'000 Kinder,27000,0,low
R_1eVsaqCWaRNhl57,A5,low,mehr als 10 kg,14,0,low
R_1fl8O7hkXXoGBnH,A1,low,nach 1850,1990,2,low
R_1fl8O7hkXXoGBnH,A2,low,höher als 11 km/h,22,2,low
R_1fl8O7hkXXoGBnH,A3,low,tiefer als 34,19,2,low
R_1fl8O7hkXXoGBnH,A4,low,mehr als 30'000 Kinder,50000,2,low
R_1fl8O7hkXXoGBnH,A5,low,mehr als 10 kg,20,2,low
R_1g0kOcElqePFRTU,A1,high,nach 1920,1960,3,high
R_1g0kOcElqePFRTU,A2,high,höher als 19 km/h,24,3,high
R_1g0kOcElqePFRTU,A3,high,tiefer als 207,180,3,high
R_1g0kOcElqePFRTU,A4,high,mehr als 130'000 Kinder,140000,3,high
R_1g0kOcElqePFRTU,A5,high,weniger als 80 kg,60,3,high
R_1GNvaDM7rJGJ731,A1,low,nach 1850,1900,3,high
R_1GNvaDM7rJGJ731,A2,low,höher als 11 km/h,40,3,high
R_1GNvaDM7rJGJ731,A3,low,höher als 34,50,3,high
R_1GNvaDM7rJGJ731,A4,low,mehr als 30'000 Kinder,100000,3,high
R_1GNvaDM7rJGJ731,A5,low,mehr als 10 kg,50,3,high
R_1gSkEgcOqMzuHGv,A1,high,vor 1920,1910,1,low
R_1gSkEgcOqMzuHGv,A2,high,höher als 19 km/h,25,1,low
R_1gSkEgcOqMzuHGv,A3,high,tiefer als 207,204,1,low
R_1gSkEgcOqMzuHGv,A4,high,mehr als 130'000 Kinder,150000,1,low
R_1gSkEgcOqMzuHGv,A5,high,weniger als 80 kg,50,1,low
R_1GuYesOqZTy79gg,A1,low,nach 1850,1920,1,low
R_1GuYesOqZTy79gg,A2,low,höher als 11 km/h,23,1,low
R_1GuYesOqZTy79gg,A3,low,höher als 34,52,1,low
R_1GuYesOqZTy79gg,A4,low,weniger als 30'000 Kinder,20000,1,low
R_1GuYesOqZTy79gg,A5,low,mehr als 10 kg,20,1,low
R_1GxYB4Nu5YSrSVR,A1,high,vor 1920,1890,1,low
R_1GxYB4Nu5YSrSVR,A2,high,höher als 19 km/h,40,1,low
R_1GxYB4Nu5YSrSVR,A3,high,tiefer als 207,190,1,low
R_1GxYB4Nu5YSrSVR,A4,high,weniger als 130'000 Kinder,30000,1,low
R_1GxYB4Nu5YSrSVR,A5,high,weniger als 80 kg,60,1,low
R_1HjBExUIDs9WEdP,A1,low,nach 1850,1888,3,high
R_1HjBExUIDs9WEdP,A2,low,höher als 11 km/h,40,3,high
R_1HjBExUIDs9WEdP,A3,low,höher als 34,193,3,high
R_1HjBExUIDs9WEdP,A4,low,weniger als 30'000 Kinder,29000,3,high
R_1HjBExUIDs9WEdP,A5,low,mehr als 10 kg,50,3,high
R_1HjJwgxy3omfzkD,A1,low,nach 1850,1870,4,high
R_1HjJwgxy3omfzkD,A2,low,höher als 11 km/h,13,4,high
R_1HjJwgxy3omfzkD,A3,low,höher als 34,35,4,high
R_1HjJwgxy3omfzkD,A4,low,mehr als 30'000 Kinder,40000,4,high
R_1HjJwgxy3omfzkD,A5,low,mehr als 10 kg,17,4,high
R_1ityMaV4qGRVYqv,A1,low,nach 1850,1890,2,low
R_1ityMaV4qGRVYqv,A2,low,höher als 11 km/h,30,2,low
R_1ityMaV4qGRVYqv,A3,low,höher als 34,180,2,low
R_1ityMaV4qGRVYqv,A4,low,mehr als 30'000 Kinder,90000,2,low
R_1ityMaV4qGRVYqv,A5,low,mehr als 10 kg,50,2,low
R_1jGRVV37DXQM1uq,A1,low,nach 1850,1900,0,low
R_1jGRVV37DXQM1uq,A2,low,höher als 11 km/h,40,0,low
R_1jGRVV37DXQM1uq,A3,low,höher als 34,60,0,low
R_1jGRVV37DXQM1uq,A4,low,mehr als 30'000 Kinder,70000,0,low
R_1jGRVV37DXQM1uq,A5,low,mehr als 10 kg,100,0,low
R_1jQ8VCVtsKXRxiw,A1,high,nach 1920,1925,3,high
R_1jQ8VCVtsKXRxiw,A2,high,höher als 19 km/h,25,3,high
R_1jQ8VCVtsKXRxiw,A3,high,tiefer als 207,200,3,high
R_1jQ8VCVtsKXRxiw,A4,high,weniger als 130'000 Kinder,100000,3,high
R_1jQ8VCVtsKXRxiw,A5,high,mehr als 80 kg,88,3,high
R_1K8gZQZFsFPD0qs,A1,high,vor 1920,1859,0,low
R_1K8gZQZFsFPD0qs,A2,high,höher als 19 km/h,20,0,low
R_1K8gZQZFsFPD0qs,A3,high,höher als 207,209,0,low
R_1K8gZQZFsFPD0qs,A4,high,weniger als 130'000 Kinder,110,0,low
R_1K8gZQZFsFPD0qs,A5,high,weniger als 80 kg,40,0,low
R_1l5143pzbaF60ek,A1,low,nach 1850,1854,3,high
R_1l5143pzbaF60ek,A2,low,höher als 11 km/h,40,3,high
R_1l5143pzbaF60ek,A3,low,höher als 34,193,3,high
R_1l5143pzbaF60ek,A4,low,mehr als 30'000 Kinder,80000,3,high
R_1l5143pzbaF60ek,A5,low,mehr als 10 kg,20,3,high
R_1li6qLYX157qOXD,A1,low,vor 1850,1834,2,low
R_1li6qLYX157qOXD,A2,low,höher als 11 km/h,40,2,low
R_1li6qLYX157qOXD,A3,low,höher als 34,150,2,low
R_1li6qLYX157qOXD,A4,low,mehr als 30'000 Kinder,50000,2,low
R_1li6qLYX157qOXD,A5,low,mehr als 10 kg,15,2,low
R_1luu9XGfu1MSqxp,A1,high,vor 1920,1880,0,low
R_1luu9XGfu1MSqxp,A2,high,höher als 19 km/h,25,0,low
R_1luu9XGfu1MSqxp,A3,high,tiefer als 207,190,0,low
R_1luu9XGfu1MSqxp,A4,high,mehr als 130'000 Kinder,200000,0,low
R_1luu9XGfu1MSqxp,A5,high,weniger als 80 kg,60,0,low
R_1Lw0IVcDlbEx6cG,A1,low,nach 1850,1920,1,low
R_1Lw0IVcDlbEx6cG,A2,low,höher als 11 km/h,15,1,low
R_1Lw0IVcDlbEx6cG,A3,low,höher als 34,50,1,low
R_1Lw0IVcDlbEx6cG,A4,low,mehr als 30'000 Kinder,1000000,1,low
R_1Lw0IVcDlbEx6cG,A5,low,mehr als 10 kg,100,1,low
R_1M6yCFuvWPtQTga,A1,high,nach 1920,1950,NA,NA
R_1M6yCFuvWPtQTga,A2,high,höher als 19 km/h,20,NA,NA
R_1M6yCFuvWPtQTga,A3,high,tiefer als 207,140,NA,NA
R_1M6yCFuvWPtQTga,A4,high,mehr als 130'000 Kinder,200000,NA,NA
R_1M6yCFuvWPtQTga,A5,high,mehr als 80 kg,130,NA,NA
R_1msiC85PggLlZdf,A1,high,nach 1920,1936,1,low
R_1msiC85PggLlZdf,A2,high,höher als 19 km/h,25,1,low
R_1msiC85PggLlZdf,A3,high,tiefer als 207,200,1,low
R_1msiC85PggLlZdf,A4,high,mehr als 130'000 Kinder,150000,1,low
R_1msiC85PggLlZdf,A5,high,weniger als 80 kg,50,1,low
R_1mUePxBViSyhAus,A1,high,nach 1920,1921,0,low
R_1mUePxBViSyhAus,A2,high,niedriger als 19 km/h,10,0,low
R_1mUePxBViSyhAus,A3,high,tiefer als 207,196,0,low
R_1mUePxBViSyhAus,A4,high,weniger als 130'000 Kinder,92000,0,low
R_1mUePxBViSyhAus,A5,high,weniger als 80 kg,10,0,low
R_1mUYQLYqVNez4gp,A1,low,nach 1850,1900,3,high
R_1mUYQLYqVNez4gp,A2,low,höher als 11 km/h,25,3,high
R_1mUYQLYqVNez4gp,A3,low,höher als 34,160,3,high
R_1mUYQLYqVNez4gp,A4,low,mehr als 30'000 Kinder,100000,3,high
R_1mUYQLYqVNez4gp,A5,low,mehr als 10 kg,70,3,high
R_1n2Eyu6c38yWX7y,A1,low,nach 1850,1890,0,low
R_1n2Eyu6c38yWX7y,A2,low,höher als 11 km/h,16,0,low
R_1n2Eyu6c38yWX7y,A3,low,höher als 34,190,0,low
R_1n2Eyu6c38yWX7y,A4,low,mehr als 30'000 Kinder,60000,0,low
R_1n2Eyu6c38yWX7y,A5,low,mehr als 10 kg,60,0,low
R_1o5wSU53POJzuNc,A1,low,nach 1850,1856,1,low
R_1o5wSU53POJzuNc,A2,low,höher als 11 km/h,17,1,low
R_1o5wSU53POJzuNc,A3,low,tiefer als 34,26,1,low
R_1o5wSU53POJzuNc,A4,low,weniger als 30'000 Kinder,28000,1,low
R_1o5wSU53POJzuNc,A5,low,mehr als 10 kg,12,1,low
R_1ONNtGS7EkU4d1n,A1,high,vor 1920,1900,2,low
R_1ONNtGS7EkU4d1n,A2,high,höher als 19 km/h,30,2,low
R_1ONNtGS7EkU4d1n,A3,high,tiefer als 207,200,2,low
R_1ONNtGS7EkU4d1n,A4,high,weniger als 130'000 Kinder,100000,2,low
R_1ONNtGS7EkU4d1n,A5,high,mehr als 80 kg,100,2,low
R_1pGbGZ5RiuAIyqC,A1,low,nach 1850,1965,1,low
R_1pGbGZ5RiuAIyqC,A2,low,höher als 11 km/h,20,1,low
R_1pGbGZ5RiuAIyqC,A3,low,tiefer als 34,30,1,low
R_1pGbGZ5RiuAIyqC,A4,low,mehr als 30'000 Kinder,40000,1,low
R_1pGbGZ5RiuAIyqC,A5,low,mehr als 10 kg,15,1,low
R_1pnyx1eTTO0QObM,A1,high,vor 1920,1897,2,low
R_1pnyx1eTTO0QObM,A2,high,höher als 19 km/h,20,2,low
R_1pnyx1eTTO0QObM,A3,high,tiefer als 207,195,2,low
R_1pnyx1eTTO0QObM,A4,high,weniger als 130'000 Kinder,100000,2,low
R_1pnyx1eTTO0QObM,A5,high,weniger als 80 kg,70,2,low
R_1prEcEVrORXGLO6,A1,high,vor 1920,1898,3,high
R_1prEcEVrORXGLO6,A2,high,höher als 19 km/h,35,3,high
R_1prEcEVrORXGLO6,A3,high,tiefer als 207,185,3,high
R_1prEcEVrORXGLO6,A4,high,weniger als 130'000 Kinder,85500,3,high
R_1prEcEVrORXGLO6,A5,high,weniger als 80 kg,45,3,high
R_1PUIsB2NgFBGV9I,A1,low,nach 1850,1890,1,low
R_1PUIsB2NgFBGV9I,A2,low,niederiger als 11 km/h,5,1,low
R_1PUIsB2NgFBGV9I,A3,low,höher als 34,180,1,low
R_1PUIsB2NgFBGV9I,A4,low,weniger als 30'000 Kinder,10000,1,low
R_1PUIsB2NgFBGV9I,A5,low,mehr als 10 kg,140,1,low
R_1QJzCNTwlYBROG0,A1,high,vor 1920,1899,3,high
R_1QJzCNTwlYBROG0,A2,high,höher als 19 km/h,30,3,high
R_1QJzCNTwlYBROG0,A3,high,tiefer als 207,100,3,high
R_1QJzCNTwlYBROG0,A4,high,weniger als 130'000 Kinder,80000,3,high
R_1QJzCNTwlYBROG0,A5,high,mehr als 80 kg,100,3,high
R_1QxyhWyvIJpJVdx,A1,high,vor 1920,1911,2,low
R_1QxyhWyvIJpJVdx,A2,high,höher als 19 km/h,25,2,low
R_1QxyhWyvIJpJVdx,A3,high,höher als 207,215,2,low
R_1QxyhWyvIJpJVdx,A4,high,mehr als 130'000 Kinder,150000,2,low
R_1QxyhWyvIJpJVdx,A5,high,weniger als 80 kg,75,2,low
R_1RJEHxQMlyhVAaZ,A1,high,vor 1920,1890,2,low
R_1RJEHxQMlyhVAaZ,A2,high,höher als 19 km/h,30,2,low
R_1RJEHxQMlyhVAaZ,A3,high,tiefer als 207,90,2,low
R_1RJEHxQMlyhVAaZ,A4,high,weniger als 130'000 Kinder,90000,2,low
R_1RJEHxQMlyhVAaZ,A5,high,weniger als 80 kg,60,2,low
R_1rpN0rkLd3IAskt,A1,high,vor 1920,1860,NA,NA
R_1rpN0rkLd3IAskt,A2,high,höher als 19 km/h,40,NA,NA
R_1rpN0rkLd3IAskt,A3,high,tiefer als 207,160,NA,NA
R_1rpN0rkLd3IAskt,A4,high,weniger als 130'000 Kinder,90000,NA,NA
R_1rpN0rkLd3IAskt,A5,high,weniger als 80 kg,30,NA,NA
R_1rvmOn7RdMcZQUH,A1,high,vor 1920,1900,4,high
R_1rvmOn7RdMcZQUH,A2,high,höher als 19 km/h,30,4,high
R_1rvmOn7RdMcZQUH,A3,high,tiefer als 207,170,4,high
R_1rvmOn7RdMcZQUH,A4,high,weniger als 130'000 Kinder,100000,4,high
R_1rvmOn7RdMcZQUH,A5,high,mehr als 80 kg,120,4,high
R_240k77AIsalEivC,A1,high,nach 1920,1946,2,low
R_240k77AIsalEivC,A2,high,höher als 19 km/h,21,2,low
R_240k77AIsalEivC,A3,high,tiefer als 207,147,2,low
R_240k77AIsalEivC,A4,high,weniger als 130'000 Kinder,65000,2,low
R_240k77AIsalEivC,A5,high,mehr als 80 kg,86,2,low
R_24IpPVNeeu8TDzO,A1,high,nach 1920,1930,0,low
R_24IpPVNeeu8TDzO,A2,high,niedriger als 19 km/h,12,0,low
R_24IpPVNeeu8TDzO,A3,high,tiefer als 207,198,0,low
R_24IpPVNeeu8TDzO,A4,high,weniger als 130'000 Kinder,75.000,0,low
R_24IpPVNeeu8TDzO,A5,high,weniger als 80 kg,50,0,low
R_26losLkkgxgZHvS,A1,low,vor 1850,1848,3,high
R_26losLkkgxgZHvS,A2,low,höher als 11 km/h,30,3,high
R_26losLkkgxgZHvS,A3,low,höher als 34,193,3,high
R_26losLkkgxgZHvS,A4,low,mehr als 30'000 Kinder,55000,3,high
R_26losLkkgxgZHvS,A5,low,mehr als 10 kg,40,3,high
R_272yApsIipSrlM5,A1,low,nach 1850,1890,1,low
R_272yApsIipSrlM5,A2,low,höher als 11 km/h,25,1,low
R_272yApsIipSrlM5,A3,low,höher als 34,65,1,low
R_272yApsIipSrlM5,A4,low,weniger als 30'000 Kinder,200000,1,low
R_272yApsIipSrlM5,A5,low,weniger als 10 kg,50,1,low
R_27DLxVE5yX9ecPP,A1,low,nach 1850,1870,2,low
R_27DLxVE5yX9ecPP,A2,low,höher als 11 km/h,35,2,low
R_27DLxVE5yX9ecPP,A3,low,höher als 34,200,2,low
R_27DLxVE5yX9ecPP,A4,low,mehr als 30'000 Kinder,80000,2,low
R_27DLxVE5yX9ecPP,A5,low,mehr als 10 kg,60,2,low
R_27qj0JifN6x28WE,A1,high,nach 1920,1940,1,low
R_27qj0JifN6x28WE,A2,high,niedriger als 19 km/h,15,1,low
R_27qj0JifN6x28WE,A3,high,tiefer als 207,195,1,low
R_27qj0JifN6x28WE,A4,high,mehr als 130'000 Kinder,200000,1,low
R_27qj0JifN6x28WE,A5,high,mehr als 80 kg,100,1,low
R_28CzMBTA1n4r15F,A1,low,nach 1850,1872,1,low
R_28CzMBTA1n4r15F,A2,low,niederiger als 11 km/h,5,1,low
R_28CzMBTA1n4r15F,A3,low,tiefer als 34,32,1,low
R_28CzMBTA1n4r15F,A4,low,weniger als 30'000 Kinder,22000,1,low
R_28CzMBTA1n4r15F,A5,low,mehr als 10 kg,20,1,low
R_296pVqfvWa32kDC,A1,low,nach 1850,1870,1,low
R_296pVqfvWa32kDC,A2,low,höher als 11 km/h,40,1,low
R_296pVqfvWa32kDC,A3,low,höher als 34,98,1,low
R_296pVqfvWa32kDC,A4,low,mehr als 30'000 Kinder,30000,1,low
R_296pVqfvWa32kDC,A5,low,mehr als 10 kg,15,1,low
R_29c8m8VDFtGMUYw,A1,high,vor 1920,1895,2,low
R_29c8m8VDFtGMUYw,A2,high,höher als 19 km/h,32,2,low
R_29c8m8VDFtGMUYw,A3,high,tiefer als 207,185,2,low
R_29c8m8VDFtGMUYw,A4,high,weniger als 130'000 Kinder,90000,2,low
R_29c8m8VDFtGMUYw,A5,high,weniger als 80 kg,60,2,low
R_2AL65P790WkFJKa,A1,high,vor 1920,1862,4,high
R_2AL65P790WkFJKa,A2,high,niedriger als 19 km/h,40,4,high
R_2AL65P790WkFJKa,A3,high,tiefer als 207,190,4,high
R_2AL65P790WkFJKa,A4,high,weniger als 130'000 Kinder,78000,4,high
R_2AL65P790WkFJKa,A5,high,weniger als 80 kg,50,4,high
R_2ASdWcdjbdgWptH,A1,high,vor 1920,1880,1,low
R_2ASdWcdjbdgWptH,A2,high,höher als 19 km/h,30,1,low
R_2ASdWcdjbdgWptH,A3,high,tiefer als 207,190,1,low
R_2ASdWcdjbdgWptH,A4,high,mehr als 130'000 Kinder,140000,1,low
R_2ASdWcdjbdgWptH,A5,high,weniger als 80 kg,60,1,low
R_2BwBAsuTOumRWhJ,A1,low,nach 1850,1905,3,high
R_2BwBAsuTOumRWhJ,A2,low,höher als 11 km/h,45,3,high
R_2BwBAsuTOumRWhJ,A3,low,höher als 34,36,3,high
R_2BwBAsuTOumRWhJ,A4,low,weniger als 30'000 Kinder,15000,3,high
R_2BwBAsuTOumRWhJ,A5,low,mehr als 10 kg,15,3,high
R_2cbINKNuT1bH75H,A1,high,nach 1920,1930,1,low
R_2cbINKNuT1bH75H,A2,high,höher als 19 km/h,30,1,low
R_2cbINKNuT1bH75H,A3,high,höher als 207,210,1,low
R_2cbINKNuT1bH75H,A4,high,weniger als 130'000 Kinder,20000,1,low
R_2cbINKNuT1bH75H,A5,high,weniger als 80 kg,50,1,low
R_2DS1osxWqGJ8NT3,A1,low,nach 1850,1870,0,low
R_2DS1osxWqGJ8NT3,A2,low,höher als 11 km/h,20,0,low
R_2DS1osxWqGJ8NT3,A3,low,höher als 34,52,0,low
R_2DS1osxWqGJ8NT3,A4,low,mehr als 30'000 Kinder,210000,0,low
R_2DS1osxWqGJ8NT3,A5,low,mehr als 10 kg,10.5,0,low
R_2DS8Tfi9E9h7xoi,A1,high,vor 1920,1890,2,low
R_2DS8Tfi9E9h7xoi,A2,high,höher als 19 km/h,40,2,low
R_2DS8Tfi9E9h7xoi,A3,high,höher als 207,210,2,low
R_2DS8Tfi9E9h7xoi,A4,high,weniger als 130'000 Kinder,120000,2,low
R_2DS8Tfi9E9h7xoi,A5,high,mehr als 80 kg,85,2,low
R_2dZr84fr3D4zsay,A1,high,vor 1920,1890,3,high
R_2dZr84fr3D4zsay,A2,high,höher als 19 km/h,35,3,high
R_2dZr84fr3D4zsay,A3,high,tiefer als 207,202,3,high
R_2dZr84fr3D4zsay,A4,high,mehr als 130'000 Kinder,150000,3,high
R_2dZr84fr3D4zsay,A5,high,weniger als 80 kg,60,3,high
R_2dZs9NRU2ydNIZJ,A1,low,nach 1850,1872,1,low
R_2dZs9NRU2ydNIZJ,A2,low,höher als 11 km/h,15,1,low
R_2dZs9NRU2ydNIZJ,A3,low,höher als 34,49,1,low
R_2dZs9NRU2ydNIZJ,A4,low,weniger als 30'000 Kinder,25000,1,low
R_2dZs9NRU2ydNIZJ,A5,low,mehr als 10 kg,20,1,low
R_2f8PqzyYzx95yjy,A1,low,nach 1850,1890,3,high
R_2f8PqzyYzx95yjy,A2,low,höher als 11 km/h,30,3,high
R_2f8PqzyYzx95yjy,A3,low,tiefer als 34,28,3,high
R_2f8PqzyYzx95yjy,A4,low,mehr als 30'000 Kinder,70000,3,high
R_2f8PqzyYzx95yjy,A5,low,mehr als 10 kg,15,3,high
R_2fHcgRy3rOzzK9R,A1,high,vor 1920,1861,0,low
R_2fHcgRy3rOzzK9R,A2,high,höher als 19 km/h,21,0,low
R_2fHcgRy3rOzzK9R,A3,high,tiefer als 207,193,0,low
R_2fHcgRy3rOzzK9R,A4,high,weniger als 130'000 Kinder,86000,0,low
R_2fHcgRy3rOzzK9R,A5,high,weniger als 80 kg,50,0,low
R_2fIrPXKz4iTgCjY,A1,high,vor 1920,1897,4,high
R_2fIrPXKz4iTgCjY,A2,high,höher als 19 km/h,25,4,high
R_2fIrPXKz4iTgCjY,A3,high,höher als 207,250,4,high
R_2fIrPXKz4iTgCjY,A4,high,weniger als 130'000 Kinder,80000,4,high
R_2fIrPXKz4iTgCjY,A5,high,weniger als 80 kg,80,4,high
R_2mdeQIHQFYyLNuh,A1,high,vor 1920,1890,4,high
R_2mdeQIHQFYyLNuh,A2,high,höher als 19 km/h,24,4,high
R_2mdeQIHQFYyLNuh,A3,high,tiefer als 207,60,4,high
R_2mdeQIHQFYyLNuh,A4,high,mehr als 130'000 Kinder,150000,4,high
R_2mdeQIHQFYyLNuh,A5,high,weniger als 80 kg,33,4,high
R_2njW5WixKBeqjAd,A1,high,vor 1920,1898,1,low
R_2njW5WixKBeqjAd,A2,high,höher als 19 km/h,48,1,low
R_2njW5WixKBeqjAd,A3,high,tiefer als 207,193,1,low
R_2njW5WixKBeqjAd,A4,high,weniger als 130'000 Kinder,55000,1,low
R_2njW5WixKBeqjAd,A5,high,weniger als 80 kg,47,1,low
R_2nPd5UP0formABX,A1,low,nach 1850,1884,2,low
R_2nPd5UP0formABX,A2,low,höher als 11 km/h,32,2,low
R_2nPd5UP0formABX,A3,low,höher als 34,50,2,low
R_2nPd5UP0formABX,A4,low,mehr als 30'000 Kinder,60000,2,low
R_2nPd5UP0formABX,A5,low,mehr als 10 kg,18,2,low
R_2P0ZSbpwicRBcAj,A1,high,vor 1920,1867,1,low
R_2P0ZSbpwicRBcAj,A2,high,höher als 19 km/h,23,1,low
R_2P0ZSbpwicRBcAj,A3,high,tiefer als 207,196,1,low
R_2P0ZSbpwicRBcAj,A4,high,weniger als 130'000 Kinder,126000,1,low
R_2P0ZSbpwicRBcAj,A5,high,mehr als 80 kg,86,1,low
R_2PkdekMV80vdRYy,A1,low,vor 1850,1840,2,low
R_2PkdekMV80vdRYy,A2,low,höher als 11 km/h,50,2,low
R_2PkdekMV80vdRYy,A3,low,höher als 34,185,2,low
R_2PkdekMV80vdRYy,A4,low,mehr als 30'000 Kinder,65000,2,low
R_2PkdekMV80vdRYy,A5,low,mehr als 10 kg,25,2,low
R_2qrrPGlYbtFMNad,A1,low,nach 1850,1885,1,low
R_2qrrPGlYbtFMNad,A2,low,höher als 11 km/h,40,1,low
R_2qrrPGlYbtFMNad,A3,low,höher als 34,196,1,low
R_2qrrPGlYbtFMNad,A4,low,mehr als 30'000 Kinder,140000,1,low
R_2qrrPGlYbtFMNad,A5,low,mehr als 10 kg,60,1,low
R_2qwQ3bikx05Ykn4,A1,low,nach 1850,1863,4,high
R_2qwQ3bikx05Ykn4,A2,low,höher als 11 km/h,1638,4,high
R_2qwQ3bikx05Ykn4,A3,low,tiefer als 34,31,4,high
R_2qwQ3bikx05Ykn4,A4,low,mehr als 30'000 Kinder,280000,4,high
R_2qwQ3bikx05Ykn4,A5,low,weniger als 10 kg,162,4,high
R_2qwSqiwUo4rFP4k,A1,high,nach 1920,1940,0,low
R_2qwSqiwUo4rFP4k,A2,high,höher als 19 km/h,25,0,low
R_2qwSqiwUo4rFP4k,A3,high,tiefer als 207,198,0,low
R_2qwSqiwUo4rFP4k,A4,high,weniger als 130'000 Kinder,60000,0,low
R_2qwSqiwUo4rFP4k,A5,high,weniger als 80 kg,20,0,low
R_2RWhv9w4rWHKbCI,A1,low,nach 1850,1875,3,high
R_2RWhv9w4rWHKbCI,A2,low,niederiger als 11 km/h,10,3,high
R_2RWhv9w4rWHKbCI,A3,low,höher als 34,150,3,high
R_2RWhv9w4rWHKbCI,A4,low,mehr als 30'000 Kinder,80000,3,high
R_2RWhv9w4rWHKbCI,A5,low,mehr als 10 kg,25,3,high
R_2SHxcdV6TS27Ss6,A1,low,nach 1850,1879,2,low
R_2SHxcdV6TS27Ss6,A2,low,niederiger als 11 km/h,10,2,low
R_2SHxcdV6TS27Ss6,A3,low,höher als 34,50,2,low
R_2SHxcdV6TS27Ss6,A4,low,mehr als 30'000 Kinder,45000,2,low
R_2SHxcdV6TS27Ss6,A5,low,mehr als 10 kg,40,2,low
R_2sTJkblWdciXBSV,A1,low,vor 1850,1760,2,low
R_2sTJkblWdciXBSV,A2,low,höher als 11 km/h,19,2,low
R_2sTJkblWdciXBSV,A3,low,höher als 34,50,2,low
R_2sTJkblWdciXBSV,A4,low,mehr als 30'000 Kinder,80000,2,low
R_2sTJkblWdciXBSV,A5,low,mehr als 10 kg,15,2,low
R_2tasFVgVEpNAGGn,A1,high,vor 1920,1880,0,low
R_2tasFVgVEpNAGGn,A2,high,höher als 19 km/h,40,0,low
R_2tasFVgVEpNAGGn,A3,high,tiefer als 207,200,0,low
R_2tasFVgVEpNAGGn,A4,high,weniger als 130'000 Kinder,90000,0,low
R_2tasFVgVEpNAGGn,A5,high,weniger als 80 kg,50,0,low
R_2trG4X33oIM9rKc,A1,low,nach 1850,1900,1,low
R_2trG4X33oIM9rKc,A2,low,höher als 11 km/h,40,1,low
R_2trG4X33oIM9rKc,A3,low,höher als 34,180,1,low
R_2trG4X33oIM9rKc,A4,low,mehr als 30'000 Kinder,100000,1,low
R_2trG4X33oIM9rKc,A5,low,weniger als 10 kg,8,1,low
R_2TRlbIwow6Ko1jJ,A1,high,vor 1920,1880,3,high
R_2TRlbIwow6Ko1jJ,A2,high,niedriger als 19 km/h,15,3,high
R_2TRlbIwow6Ko1jJ,A3,high,tiefer als 207,190,3,high
R_2TRlbIwow6Ko1jJ,A4,high,weniger als 130'000 Kinder,100000,3,high
R_2TRlbIwow6Ko1jJ,A5,high,mehr als 80 kg,110,3,high
R_2TtkG9Kh4OjDijp,A1,low,nach 1850,1870,1,low
R_2TtkG9Kh4OjDijp,A2,low,höher als 11 km/h,30,1,low
R_2TtkG9Kh4OjDijp,A3,low,höher als 34,60,1,low
R_2TtkG9Kh4OjDijp,A4,low,weniger als 30'000 Kinder,15000,1,low
R_2TtkG9Kh4OjDijp,A5,low,mehr als 10 kg,15,1,low
R_2VBV1kFPKUiuGtA,A1,high,vor 1920,1890,1,low
R_2VBV1kFPKUiuGtA,A2,high,höher als 19 km/h,35,1,low
R_2VBV1kFPKUiuGtA,A3,high,höher als 207,400,1,low
R_2VBV1kFPKUiuGtA,A4,high,weniger als 130'000 Kinder,100000,1,low
R_2VBV1kFPKUiuGtA,A5,high,mehr als 80 kg,90,1,low
R_2VeVslJQ4R8ZeWN,A1,low,nach 1850,1851,4,high
R_2VeVslJQ4R8ZeWN,A2,low,höher als 11 km/h,18,4,high
R_2VeVslJQ4R8ZeWN,A3,low,höher als 34,194,4,high
R_2VeVslJQ4R8ZeWN,A4,low,mehr als 30'000 Kinder,72000,4,high
R_2VeVslJQ4R8ZeWN,A5,low,weniger als 10 kg,7,4,high
R_2VjRzzn8JlJMpmV,A1,high,nach 1920,1930,2,low
R_2VjRzzn8JlJMpmV,A2,high,höher als 19 km/h,25,2,low
R_2VjRzzn8JlJMpmV,A3,high,höher als 207,210,2,low
R_2VjRzzn8JlJMpmV,A4,high,weniger als 130'000 Kinder,100000,2,low
R_2VjRzzn8JlJMpmV,A5,high,mehr als 80 kg,85,2,low
R_2WARryyIjCys6Pe,A1,low,nach 1850,1830,1,low
R_2WARryyIjCys6Pe,A2,low,höher als 11 km/h,20,1,low
R_2WARryyIjCys6Pe,A3,low,höher als 34,80,1,low
R_2WARryyIjCys6Pe,A4,low,mehr als 30'000 Kinder,40000,1,low
R_2WARryyIjCys6Pe,A5,low,mehr als 10 kg,15,1,low
R_2wFYkglGyKTABrK,A1,low,nach 1850,1900,2,low
R_2wFYkglGyKTABrK,A2,low,höher als 11 km/h,20,2,low
R_2wFYkglGyKTABrK,A3,low,höher als 34,180,2,low
R_2wFYkglGyKTABrK,A4,low,mehr als 30'000 Kinder,100000,2,low
R_2wFYkglGyKTABrK,A5,low,mehr als 10 kg,25,2,low
R_2WGCksvHPLDPNVn,A1,high,vor 1920,1861,1,low
R_2WGCksvHPLDPNVn,A2,high,höher als 19 km/h,40,1,low
R_2WGCksvHPLDPNVn,A3,high,tiefer als 207,200,1,low
R_2WGCksvHPLDPNVn,A4,high,weniger als 130'000 Kinder,95000,1,low
R_2WGCksvHPLDPNVn,A5,high,weniger als 80 kg,50,1,low
R_2Wu6aB6GRsWChzZ,A1,low,vor 1850,1840,4,high
R_2Wu6aB6GRsWChzZ,A2,low,höher als 11 km/h,40,4,high
R_2Wu6aB6GRsWChzZ,A3,low,höher als 34,195,4,high
R_2Wu6aB6GRsWChzZ,A4,low,mehr als 30'000 Kinder,70000,4,high
R_2Wu6aB6GRsWChzZ,A5,low,mehr als 10 kg,60,4,high
R_2WUXZBTILvXopCK,A1,low,nach 1850,1856,3,high
R_2WUXZBTILvXopCK,A2,low,höher als 11 km/h,12,3,high
R_2WUXZBTILvXopCK,A3,low,tiefer als 34,37,3,high
R_2WUXZBTILvXopCK,A4,low,mehr als 30'000 Kinder,55000,3,high
R_2WUXZBTILvXopCK,A5,low,mehr als 10 kg,14,3,high
R_2YbPcnZlYZj4N1V,A1,low,nach 1850,1860,4,high
R_2YbPcnZlYZj4N1V,A2,low,höher als 11 km/h,90,4,high
R_2YbPcnZlYZj4N1V,A3,low,höher als 34,255,4,high
R_2YbPcnZlYZj4N1V,A4,low,mehr als 30'000 Kinder,66000,4,high
R_2YbPcnZlYZj4N1V,A5,low,mehr als 10 kg,80,4,high
R_2YcdUquFKtwnV8i,A1,low,vor 1850,1847,1,low
R_2YcdUquFKtwnV8i,A2,low,höher als 11 km/h,30,1,low
R_2YcdUquFKtwnV8i,A3,low,höher als 34,50,1,low
R_2YcdUquFKtwnV8i,A4,low,mehr als 30'000 Kinder,35000,1,low
R_2YcdUquFKtwnV8i,A5,low,mehr als 10 kg,25,1,low
R_2YP2DlHQ51MOhac,A1,high,vor 1920,1850,0,low
R_2YP2DlHQ51MOhac,A2,high,höher als 19 km/h,23,0,low
R_2YP2DlHQ51MOhac,A3,high,tiefer als 207,175,0,low
R_2YP2DlHQ51MOhac,A4,high,weniger als 130'000 Kinder,100000,0,low
R_2YP2DlHQ51MOhac,A5,high,mehr als 80 kg,96,0,low
R_2zSnBY4Nd8tAEgG,A1,low,nach 1850,1855,1,low
R_2zSnBY4Nd8tAEgG,A2,low,höher als 11 km/h,18,1,low
R_2zSnBY4Nd8tAEgG,A3,low,höher als 34,64,1,low
R_2zSnBY4Nd8tAEgG,A4,low,mehr als 30'000 Kinder,50000,1,low
R_2zSnBY4Nd8tAEgG,A5,low,mehr als 10 kg,15,1,low
R_30320JK2QMYIZAv,A1,low,nach 1850,1870,3,high
R_30320JK2QMYIZAv,A2,low,höher als 11 km/h,23,3,high
R_30320JK2QMYIZAv,A3,low,tiefer als 34,24,3,high
R_30320JK2QMYIZAv,A4,low,mehr als 30'000 Kinder,85000,3,high
R_30320JK2QMYIZAv,A5,low,mehr als 10 kg,325,3,high
R_306nRJ7zd8j0zih,A1,high,vor 1920,1900,0,low
R_306nRJ7zd8j0zih,A2,high,höher als 19 km/h,25,0,low
R_306nRJ7zd8j0zih,A3,high,tiefer als 207,190,0,low
R_306nRJ7zd8j0zih,A4,high,weniger als 130'000 Kinder,25000,0,low
R_306nRJ7zd8j0zih,A5,high,weniger als 80 kg,50,0,low
R_3D8DfLEr89UBhA3,A1,high,vor 1920,1870,1,low
R_3D8DfLEr89UBhA3,A2,high,höher als 19 km/h,30,1,low
R_3D8DfLEr89UBhA3,A3,high,tiefer als 207,190,1,low
R_3D8DfLEr89UBhA3,A4,high,mehr als 130'000 Kinder,150000,1,low
R_3D8DfLEr89UBhA3,A5,high,mehr als 80 kg,120,1,low
R_3Dp9XK2N6ffL1RZ,A1,low,vor 1850,1845,1,low
R_3Dp9XK2N6ffL1RZ,A2,low,höher als 11 km/h,15,1,low
R_3Dp9XK2N6ffL1RZ,A3,low,höher als 34,36,1,low
R_3Dp9XK2N6ffL1RZ,A4,low,weniger als 30'000 Kinder,25000,1,low
R_3Dp9XK2N6ffL1RZ,A5,low,weniger als 10 kg,5,1,low
R_3fclnkNpV8iZChG,A1,low,nach 1850,1870,0,low
R_3fclnkNpV8iZChG,A2,low,höher als 11 km/h,45,0,low
R_3fclnkNpV8iZChG,A3,low,höher als 34,200,0,low
R_3fclnkNpV8iZChG,A4,low,mehr als 30'000 Kinder,60000,0,low
R_3fclnkNpV8iZChG,A5,low,mehr als 10 kg,30,0,low
R_3flRafkLfBSUel8,A1,low,vor 1850,1820,3,high
R_3flRafkLfBSUel8,A2,low,höher als 11 km/h,17,3,high
R_3flRafkLfBSUel8,A3,low,tiefer als 34,30,3,high
R_3flRafkLfBSUel8,A4,low,mehr als 30'000 Kinder,90000,3,high
R_3flRafkLfBSUel8,A5,low,mehr als 10 kg,20,3,high
R_3fQ5RYjTaxCirja,A1,low,nach 1850,1960,2,low
R_3fQ5RYjTaxCirja,A2,low,höher als 11 km/h,20,2,low
R_3fQ5RYjTaxCirja,A3,low,höher als 34,50,2,low
R_3fQ5RYjTaxCirja,A4,low,mehr als 30'000 Kinder,50000,2,low
R_3fQ5RYjTaxCirja,A5,low,mehr als 10 kg,50,2,low
R_3g4MmFnf1lBBEDQ,A1,low,vor 1850,1827,3,high
R_3g4MmFnf1lBBEDQ,A2,low,höher als 11 km/h,26,3,high
R_3g4MmFnf1lBBEDQ,A3,low,höher als 34,200,3,high
R_3g4MmFnf1lBBEDQ,A4,low,mehr als 30'000 Kinder,50000,3,high
R_3g4MmFnf1lBBEDQ,A5,low,mehr als 10 kg,100,3,high
R_3HhwddKP8CAb2B9,A1,low,nach 1850,1890,1,low
R_3HhwddKP8CAb2B9,A2,low,höher als 11 km/h,21,1,low
R_3HhwddKP8CAb2B9,A3,low,höher als 34,199,1,low
R_3HhwddKP8CAb2B9,A4,low,mehr als 30'000 Kinder,31000,1,low
R_3HhwddKP8CAb2B9,A5,low,mehr als 10 kg,30,1,low
R_3HLHGIFViLN7Utr,A1,high,vor 1920,1900,2,low
R_3HLHGIFViLN7Utr,A2,high,höher als 19 km/h,22,2,low
R_3HLHGIFViLN7Utr,A3,high,tiefer als 207,123,2,low
R_3HLHGIFViLN7Utr,A4,high,mehr als 130'000 Kinder,450000,2,low
R_3HLHGIFViLN7Utr,A5,high,weniger als 80 kg,50,2,low
R_3HncGEgWQYg3oCD,A1,low,nach 1850,1880,0,low
R_3HncGEgWQYg3oCD,A2,low,höher als 11 km/h,15,0,low
R_3HncGEgWQYg3oCD,A3,low,höher als 34,200,0,low
R_3HncGEgWQYg3oCD,A4,low,mehr als 30'000 Kinder,100000,0,low
R_3HncGEgWQYg3oCD,A5,low,weniger als 10 kg,8,0,low
R_3hucL5l41aenOnJ,A1,high,vor 1920,1861,1,low
R_3hucL5l41aenOnJ,A2,high,höher als 19 km/h,48,1,low
R_3hucL5l41aenOnJ,A3,high,tiefer als 207,193,1,low
R_3hucL5l41aenOnJ,A4,high,weniger als 130'000 Kinder,89400,1,low
R_3hucL5l41aenOnJ,A5,high,weniger als 80 kg,50,1,low
R_3hz1J3bypV55Chc,A1,high,vor 1920,1865,0,low
R_3hz1J3bypV55Chc,A2,high,höher als 19 km/h,22,0,low
R_3hz1J3bypV55Chc,A3,high,tiefer als 207,192,0,low
R_3hz1J3bypV55Chc,A4,high,mehr als 130'000 Kinder,140000,0,low
R_3hz1J3bypV55Chc,A5,high,weniger als 80 kg,60,0,low
R_3I9VspbgFHBj05z,A1,low,vor 1850,1843,4,high
R_3I9VspbgFHBj05z,A2,low,höher als 11 km/h,20,4,high
R_3I9VspbgFHBj05z,A3,low,höher als 34,43,4,high
R_3I9VspbgFHBj05z,A4,low,mehr als 30'000 Kinder,80000,4,high
R_3I9VspbgFHBj05z,A5,low,mehr als 10 kg,12,4,high
R_3il46RmZ2c9jufc,A1,high,vor 1920,1890,4,high
R_3il46RmZ2c9jufc,A2,high,niedriger als 19 km/h,15,4,high
R_3il46RmZ2c9jufc,A3,high,tiefer als 207,202,4,high
R_3il46RmZ2c9jufc,A4,high,weniger als 130'000 Kinder,100000,4,high
R_3il46RmZ2c9jufc,A5,high,weniger als 80 kg,40,4,high
R_3iRaR2zPOPJzoZN,A1,low,nach 1850,1870,3,high
R_3iRaR2zPOPJzoZN,A2,low,höher als 11 km/h,35,3,high
R_3iRaR2zPOPJzoZN,A3,low,höher als 34,50,3,high
R_3iRaR2zPOPJzoZN,A4,low,mehr als 30'000 Kinder,42000,3,high
R_3iRaR2zPOPJzoZN,A5,low,mehr als 10 kg,55,3,high
R_3iwq2SLDSwz70IU,A1,high,vor 1920,1861,1,low
R_3iwq2SLDSwz70IU,A2,high,höher als 19 km/h,30,1,low
R_3iwq2SLDSwz70IU,A3,high,tiefer als 207,180,1,low
R_3iwq2SLDSwz70IU,A4,high,weniger als 130'000 Kinder,80000,1,low
R_3iwq2SLDSwz70IU,A5,high,weniger als 80 kg,40,1,low
R_3JDgGOsNefO9xDR,A1,high,nach 1920,1930,0,low
R_3JDgGOsNefO9xDR,A2,high,höher als 19 km/h,25,0,low
R_3JDgGOsNefO9xDR,A3,high,höher als 207,210,0,low
R_3JDgGOsNefO9xDR,A4,high,weniger als 130'000 Kinder,80000,0,low
R_3JDgGOsNefO9xDR,A5,high,weniger als 80 kg,74,0,low
R_3jdmwimZNKsnm8l,A1,high,vor 1920,1903,4,high
R_3jdmwimZNKsnm8l,A2,high,höher als 19 km/h,35,4,high
R_3jdmwimZNKsnm8l,A3,high,tiefer als 207,163,4,high
R_3jdmwimZNKsnm8l,A4,high,mehr als 130'000 Kinder,250000,4,high
R_3jdmwimZNKsnm8l,A5,high,weniger als 80 kg,60,4,high
R_3JIZoJd8X4Nxpcj,A1,high,vor 1920,1890,0,low
R_3JIZoJd8X4Nxpcj,A2,high,höher als 19 km/h,35,0,low
R_3JIZoJd8X4Nxpcj,A3,high,tiefer als 207,194,0,low
R_3JIZoJd8X4Nxpcj,A4,high,weniger als 130'000 Kinder,120000,0,low
R_3JIZoJd8X4Nxpcj,A5,high,mehr als 80 kg,110,0,low
R_3JJInfqd39ZYoro,A1,high,vor 1920,1890,3,high
R_3JJInfqd39ZYoro,A2,high,höher als 19 km/h,20,3,high
R_3JJInfqd39ZYoro,A3,high,tiefer als 207,196,3,high
R_3JJInfqd39ZYoro,A4,high,mehr als 130'000 Kinder,200000,3,high
R_3JJInfqd39ZYoro,A5,high,mehr als 80 kg,100,3,high
R_3JmgUdhPzrhGGmI,A1,high,nach 1920,1950,2,low
R_3JmgUdhPzrhGGmI,A2,high,höher als 19 km/h,35,2,low
R_3JmgUdhPzrhGGmI,A3,high,höher als 207,250,2,low
R_3JmgUdhPzrhGGmI,A4,high,weniger als 130'000 Kinder,90000,2,low
R_3JmgUdhPzrhGGmI,A5,high,mehr als 80 kg,100,2,low
R_3JqmAT9NkdsyfAi,A1,low,nach 1850,1900,3,high
R_3JqmAT9NkdsyfAi,A2,low,höher als 11 km/h,80,3,high
R_3JqmAT9NkdsyfAi,A3,low,höher als 34,52,3,high
R_3JqmAT9NkdsyfAi,A4,low,mehr als 30'000 Kinder,350000,3,high
R_3JqmAT9NkdsyfAi,A5,low,mehr als 10 kg,10,3,high
R_3koK1RIot4aX4TE,A1,low,nach 1850,1896,1,low
R_3koK1RIot4aX4TE,A2,low,höher als 11 km/h,17,1,low
R_3koK1RIot4aX4TE,A3,low,tiefer als 34,31,1,low
R_3koK1RIot4aX4TE,A4,low,mehr als 30'000 Kinder,65000,1,low
R_3koK1RIot4aX4TE,A5,low,mehr als 10 kg,21,1,low
R_3m2hamu5pSAzhRH,A1,high,vor 1920,1910,4,high
R_3m2hamu5pSAzhRH,A2,high,höher als 19 km/h,25,4,high
R_3m2hamu5pSAzhRH,A3,high,tiefer als 207,153,4,high
R_3m2hamu5pSAzhRH,A4,high,weniger als 130'000 Kinder,80000,4,high
R_3m2hamu5pSAzhRH,A5,high,weniger als 80 kg,40,4,high
R_3oNqQs9hP7zye8V,A1,low,nach 1850,1899,4,high
R_3oNqQs9hP7zye8V,A2,low,höher als 11 km/h,20,4,high
R_3oNqQs9hP7zye8V,A3,low,höher als 34,98,4,high
R_3oNqQs9hP7zye8V,A4,low,mehr als 30'000 Kinder,50000,4,high
R_3oNqQs9hP7zye8V,A5,low,mehr als 10 kg,50,4,high
R_3OqUm2FdB3NhHNA,A1,high,vor 1920,1900,2,low
R_3OqUm2FdB3NhHNA,A2,high,höher als 19 km/h,30,2,low
R_3OqUm2FdB3NhHNA,A3,high,tiefer als 207,200,2,low
R_3OqUm2FdB3NhHNA,A4,high,weniger als 130'000 Kinder,50000,2,low
R_3OqUm2FdB3NhHNA,A5,high,weniger als 80 kg,40,2,low
R_3p4l5Vp0AF6arUT,A1,low,vor 1850,1802,2,low
R_3p4l5Vp0AF6arUT,A2,low,höher als 11 km/h,43,2,low
R_3p4l5Vp0AF6arUT,A3,low,höher als 34,197,2,low
R_3p4l5Vp0AF6arUT,A4,low,weniger als 30'000 Kinder,9000,2,low
R_3p4l5Vp0AF6arUT,A5,low,mehr als 10 kg,30,2,low
R_3Pjk6n86phnZnQ2,A1,low,vor 1850,1820,1,low
R_3Pjk6n86phnZnQ2,A2,low,niederiger als 11 km/h,8,1,low
R_3Pjk6n86phnZnQ2,A3,low,höher als 34,60,1,low
R_3Pjk6n86phnZnQ2,A4,low,mehr als 30'000 Kinder,85000,1,low
R_3Pjk6n86phnZnQ2,A5,low,mehr als 10 kg,25,1,low
R_3pmPa5LajFgsvgf,A1,high,vor 1920,1890,4,high
R_3pmPa5LajFgsvgf,A2,high,höher als 19 km/h,25,4,high
R_3pmPa5LajFgsvgf,A3,high,tiefer als 207,150,4,high
R_3pmPa5LajFgsvgf,A4,high,weniger als 130'000 Kinder,90000,4,high
R_3pmPa5LajFgsvgf,A5,high,weniger als 80 kg,60,4,high
R_3qmtpoD35NFwlo8,A1,low,nach 1850,1886,0,low
R_3qmtpoD35NFwlo8,A2,low,höher als 11 km/h,13,0,low
R_3qmtpoD35NFwlo8,A3,low,höher als 34,130,0,low
R_3qmtpoD35NFwlo8,A4,low,mehr als 30'000 Kinder,80000,0,low
R_3qmtpoD35NFwlo8,A5,low,mehr als 10 kg,40,0,low
R_3QXgEYtJoBxLGAO,A1,high,vor 1920,1875,4,high
R_3QXgEYtJoBxLGAO,A2,high,höher als 19 km/h,25,4,high
R_3QXgEYtJoBxLGAO,A3,high,tiefer als 207,200,4,high
R_3QXgEYtJoBxLGAO,A4,high,weniger als 130'000 Kinder,120000,4,high
R_3QXgEYtJoBxLGAO,A5,high,mehr als 80 kg,120,4,high
R_3r3dAOcrcJQ4lsf,A1,low,vor 1850,1823,3,high
R_3r3dAOcrcJQ4lsf,A2,low,höher als 11 km/h,40,3,high
R_3r3dAOcrcJQ4lsf,A3,low,höher als 34,120,3,high
R_3r3dAOcrcJQ4lsf,A4,low,mehr als 30'000 Kinder,60000,3,high
R_3r3dAOcrcJQ4lsf,A5,low,mehr als 10 kg,35,3,high
R_3ReV6nFtYxIrsF1,A1,high,vor 1920,1890,1,low
R_3ReV6nFtYxIrsF1,A2,high,höher als 19 km/h,30,1,low
R_3ReV6nFtYxIrsF1,A3,high,tiefer als 207,189,1,low
R_3ReV6nFtYxIrsF1,A4,high,mehr als 130'000 Kinder,200000,1,low
R_3ReV6nFtYxIrsF1,A5,high,weniger als 80 kg,65,1,low
R_3rVapahHpOCGzkT,A1,high,vor 1920,1861,4,high
R_3rVapahHpOCGzkT,A2,high,höher als 19 km/h,48,4,high
R_3rVapahHpOCGzkT,A3,high,tiefer als 207,193,4,high
R_3rVapahHpOCGzkT,A4,high,weniger als 130'000 Kinder,80.000,4,high
R_3rVapahHpOCGzkT,A5,high,weniger als 80 kg,64,4,high
R_3s4GNlLml7USXiL,A1,high,vor 1920,1920,1,low
R_3s4GNlLml7USXiL,A2,high,höher als 19 km/h,19,1,low
R_3s4GNlLml7USXiL,A3,high,tiefer als 207,193,1,low
R_3s4GNlLml7USXiL,A4,high,weniger als 130'000 Kinder,90000,1,low
R_3s4GNlLml7USXiL,A5,high,weniger als 80 kg,65,1,low
R_3suXgV84r51JmCF,A1,high,vor 1920,1899,2,low
R_3suXgV84r51JmCF,A2,high,niedriger als 19 km/h,18,2,low
R_3suXgV84r51JmCF,A3,high,höher als 207,247,2,low
R_3suXgV84r51JmCF,A4,high,weniger als 130'000 Kinder,76000,2,low
R_3suXgV84r51JmCF,A5,high,mehr als 80 kg,105,2,low
R_3syJFTQEZBD1zkX,A1,high,vor 1920,1880,2,low
R_3syJFTQEZBD1zkX,A2,high,höher als 19 km/h,42,2,low
R_3syJFTQEZBD1zkX,A3,high,tiefer als 207,182,2,low
R_3syJFTQEZBD1zkX,A4,high,weniger als 130'000 Kinder,80000,2,low
R_3syJFTQEZBD1zkX,A5,high,weniger als 80 kg,60,2,low
R_5gyItU24qhigSzL,A1,low,nach 1850,1880,1,low
R_5gyItU24qhigSzL,A2,low,höher als 11 km/h,35,1,low
R_5gyItU24qhigSzL,A3,low,tiefer als 34,27,1,low
R_5gyItU24qhigSzL,A4,low,mehr als 30'000 Kinder,300000,1,low
R_5gyItU24qhigSzL,A5,low,mehr als 10 kg,17,1,low
R_5pSPa593z6UA6Hv,A1,high,vor 1920,1860,1,low
R_5pSPa593z6UA6Hv,A2,high,höher als 19 km/h,100,1,low
R_5pSPa593z6UA6Hv,A3,high,tiefer als 207,196,1,low
R_5pSPa593z6UA6Hv,A4,high,weniger als 130'000 Kinder,100000,1,low
R_5pSPa593z6UA6Hv,A5,high,weniger als 80 kg,60,1,low
R_89fORWzxxO7ExlT,A1,low,nach 1850,1880,4,high
R_89fORWzxxO7ExlT,A2,low,höher als 11 km/h,30,4,high
R_89fORWzxxO7ExlT,A3,low,höher als 34,190,4,high
R_89fORWzxxO7ExlT,A4,low,weniger als 30'000 Kinder,15000,4,high
R_89fORWzxxO7ExlT,A5,low,mehr als 10 kg,25,4,high
R_A5Lhhv3fawtl6pP,A1,high,nach 1920,1950,1,low
R_A5Lhhv3fawtl6pP,A2,high,höher als 19 km/h,30,1,low
R_A5Lhhv3fawtl6pP,A3,high,tiefer als 207,190,1,low
R_A5Lhhv3fawtl6pP,A4,high,weniger als 130'000 Kinder,100000,1,low
R_A5Lhhv3fawtl6pP,A5,high,weniger als 80 kg,75,1,low
R_AMN0PuR51f2Pl3b,A1,high,vor 1920,1873,3,high
R_AMN0PuR51f2Pl3b,A2,high,höher als 19 km/h,27,3,high
R_AMN0PuR51f2Pl3b,A3,high,tiefer als 207,156,3,high
R_AMN0PuR51f2Pl3b,A4,high,weniger als 130'000 Kinder,111111,3,high
R_AMN0PuR51f2Pl3b,A5,high,mehr als 80 kg,100,3,high
R_AMP5wz7W9tvbb8J,A1,high,nach 1920,1980,0,low
R_AMP5wz7W9tvbb8J,A2,high,höher als 19 km/h,30,0,low
R_AMP5wz7W9tvbb8J,A3,high,tiefer als 207,200,0,low
R_AMP5wz7W9tvbb8J,A4,high,weniger als 130'000 Kinder,100000,0,low
R_AMP5wz7W9tvbb8J,A5,high,weniger als 80 kg,40,0,low
R_b742FYxkYr7xMIh,A1,low,nach 1850,1880,2,low
R_b742FYxkYr7xMIh,A2,low,höher als 11 km/h,15,2,low
R_b742FYxkYr7xMIh,A3,low,tiefer als 34,25,2,low
R_b742FYxkYr7xMIh,A4,low,weniger als 30'000 Kinder,15000,2,low
R_b742FYxkYr7xMIh,A5,low,mehr als 10 kg,25,2,low
R_bQ9uHHD0MPEhoiJ,A1,high,vor 1920,1850,1,low
R_bQ9uHHD0MPEhoiJ,A2,high,höher als 19 km/h,35,1,low
R_bQ9uHHD0MPEhoiJ,A3,high,tiefer als 207,195,1,low
R_bQ9uHHD0MPEhoiJ,A4,high,weniger als 130'000 Kinder,100000,1,low
R_bQ9uHHD0MPEhoiJ,A5,high,mehr als 80 kg,90,1,low
R_C3phJKshYbySYNz,A1,high,nach 1920,1940,2,low
R_C3phJKshYbySYNz,A2,high,höher als 19 km/h,35,2,low
R_C3phJKshYbySYNz,A3,high,tiefer als 207,160,2,low
R_C3phJKshYbySYNz,A4,high,mehr als 130'000 Kinder,200000,2,low
R_C3phJKshYbySYNz,A5,high,weniger als 80 kg,30,2,low
R_d1pRRp8PqlCWEAV,A1,high,vor 1920,1850,1,low
R_d1pRRp8PqlCWEAV,A2,high,höher als 19 km/h,25,1,low
R_d1pRRp8PqlCWEAV,A3,high,tiefer als 207,190,1,low
R_d1pRRp8PqlCWEAV,A4,high,weniger als 130'000 Kinder,100000,1,low
R_d1pRRp8PqlCWEAV,A5,high,mehr als 80 kg,100,1,low
R_D334PkkKsvZ02qZ,A1,low,nach 1850,1860,3,high
R_D334PkkKsvZ02qZ,A2,low,höher als 11 km/h,20,3,high
R_D334PkkKsvZ02qZ,A3,low,höher als 34,120,3,high
R_D334PkkKsvZ02qZ,A4,low,mehr als 30'000 Kinder,60000,3,high
R_D334PkkKsvZ02qZ,A5,low,mehr als 10 kg,50,3,high
R_DCbFeFEFYoMx5cd,A1,low,nach 1850,1860,1,low
R_DCbFeFEFYoMx5cd,A2,low,höher als 11 km/h,45,1,low
R_DCbFeFEFYoMx5cd,A3,low,tiefer als 34,30,1,low
R_DCbFeFEFYoMx5cd,A4,low,mehr als 30'000 Kinder,60000,1,low
R_DCbFeFEFYoMx5cd,A5,low,mehr als 10 kg,20,1,low
R_emlKMQEoITTXBpD,A1,low,vor 1850,1847,2,low
R_emlKMQEoITTXBpD,A2,low,höher als 11 km/h,30,2,low
R_emlKMQEoITTXBpD,A3,low,tiefer als 34,32,2,low
R_emlKMQEoITTXBpD,A4,low,mehr als 30'000 Kinder,150000,2,low
R_emlKMQEoITTXBpD,A5,low,mehr als 10 kg,20,2,low
R_esAy693FE1ZcNZD,A1,low,nach 1850,1915,4,high
R_esAy693FE1ZcNZD,A2,low,höher als 11 km/h,23,4,high
R_esAy693FE1ZcNZD,A3,low,höher als 34,42,4,high
R_esAy693FE1ZcNZD,A4,low,mehr als 30'000 Kinder,62000,4,high
R_esAy693FE1ZcNZD,A5,low,mehr als 10 kg,16.4,4,high
R_OfMzjnaUOMuVrmF,A1,low,nach 1850,1880,3,high
R_OfMzjnaUOMuVrmF,A2,low,höher als 11 km/h,120,3,high
R_OfMzjnaUOMuVrmF,A3,low,höher als 34,54,3,high
R_OfMzjnaUOMuVrmF,A4,low,weniger als 30'000 Kinder,20000,3,high
R_OfMzjnaUOMuVrmF,A5,low,mehr als 10 kg,25,3,high
R_OJ7ZZdoicRWvuRH,A1,low,nach 1850,1890,0,low
R_OJ7ZZdoicRWvuRH,A2,low,höher als 11 km/h,20,0,low
R_OJ7ZZdoicRWvuRH,A3,low,tiefer als 34,32,0,low
R_OJ7ZZdoicRWvuRH,A4,low,mehr als 30'000 Kinder,60000,0,low
R_OJ7ZZdoicRWvuRH,A5,low,mehr als 10 kg,20,0,low
R_phenMOuvrPVJy81,A1,low,nach 1850,1890,2,low
R_phenMOuvrPVJy81,A2,low,höher als 11 km/h,40,2,low
R_phenMOuvrPVJy81,A3,low,tiefer als 34,32,2,low
R_phenMOuvrPVJy81,A4,low,mehr als 30'000 Kinder,45000,2,low
R_phenMOuvrPVJy81,A5,low,mehr als 10 kg,35,2,low
R_PTGWZnXS20e6iBj,A1,low,nach 1850,1870,0,low
R_PTGWZnXS20e6iBj,A2,low,höher als 11 km/h,35,0,low
R_PTGWZnXS20e6iBj,A3,low,höher als 34,150,0,low
R_PTGWZnXS20e6iBj,A4,low,mehr als 30'000 Kinder,60000,0,low
R_PTGWZnXS20e6iBj,A5,low,mehr als 10 kg,20,0,low
R_PuJQbmsNLUfccuZ,A1,high,vor 1920,1890,1,low
R_PuJQbmsNLUfccuZ,A2,high,höher als 19 km/h,22,1,low
R_PuJQbmsNLUfccuZ,A3,high,tiefer als 207,140,1,low
R_PuJQbmsNLUfccuZ,A4,high,mehr als 130'000 Kinder,150000,1,low
R_PuJQbmsNLUfccuZ,A5,high,weniger als 80 kg,50,1,low
R_qJkkMYsFxZAszD3,A1,high,vor 1920,1875,4,high
R_qJkkMYsFxZAszD3,A2,high,niedriger als 19 km/h,15,4,high
R_qJkkMYsFxZAszD3,A3,high,tiefer als 207,200,4,high
R_qJkkMYsFxZAszD3,A4,high,weniger als 130'000 Kinder,80000,4,high
R_qJkkMYsFxZAszD3,A5,high,weniger als 80 kg,50,4,high
R_qyKuOAnEc2DQICd,A1,low,nach 1850,1870,1,low
R_qyKuOAnEc2DQICd,A2,low,höher als 11 km/h,13,1,low
R_qyKuOAnEc2DQICd,A3,low,höher als 34,50,1,low
R_qyKuOAnEc2DQICd,A4,low,weniger als 30'000 Kinder,25000,1,low
R_qyKuOAnEc2DQICd,A5,low,mehr als 10 kg,25,1,low
R_r0baIcUvxPZJaHD,A1,low,nach 1850,1880,2,low
R_r0baIcUvxPZJaHD,A2,low,höher als 11 km/h,30,2,low
R_r0baIcUvxPZJaHD,A3,low,höher als 34,150,2,low
R_r0baIcUvxPZJaHD,A4,low,mehr als 30'000 Kinder,32000,2,low
R_r0baIcUvxPZJaHD,A5,low,mehr als 10 kg,30,2,low
R_RCzy8MUGyasNoaZ,A1,high,vor 1920,1860,1,low
R_RCzy8MUGyasNoaZ,A2,high,niedriger als 19 km/h,15,1,low
R_RCzy8MUGyasNoaZ,A3,high,tiefer als 207,190,1,low
R_RCzy8MUGyasNoaZ,A4,high,weniger als 130'000 Kinder,100000,1,low
R_RCzy8MUGyasNoaZ,A5,high,weniger als 80 kg,55,1,low
R_rkKaNJFAgeDUd5D,A1,low,nach 1850,1893,2,low
R_rkKaNJFAgeDUd5D,A2,low,höher als 11 km/h,30,2,low
R_rkKaNJFAgeDUd5D,A3,low,höher als 34,175,2,low
R_rkKaNJFAgeDUd5D,A4,low,mehr als 30'000 Kinder,58000,2,low
R_rkKaNJFAgeDUd5D,A5,low,mehr als 10 kg,28,2,low
R_RrCS7SiKwdfNia5,A1,low,nach 1850,1880,3,high
R_RrCS7SiKwdfNia5,A2,low,höher als 11 km/h,20,3,high
R_RrCS7SiKwdfNia5,A3,low,tiefer als 34,20,3,high
R_RrCS7SiKwdfNia5,A4,low,weniger als 30'000 Kinder,28000,3,high
R_RrCS7SiKwdfNia5,A5,low,weniger als 10 kg,2,3,high
R_RxybzcsvFVQGSpb,A1,low,nach 1850,1920,1,low
R_RxybzcsvFVQGSpb,A2,low,höher als 11 km/h,25,1,low
R_RxybzcsvFVQGSpb,A3,low,höher als 34,45,1,low
R_RxybzcsvFVQGSpb,A4,low,mehr als 30'000 Kinder,300000,1,low
R_RxybzcsvFVQGSpb,A5,low,weniger als 10 kg,9,1,low
R_SB0TQPXpSZDl7hv,A1,high,nach 1920,1940,0,low
R_SB0TQPXpSZDl7hv,A2,high,höher als 19 km/h,21,0,low
R_SB0TQPXpSZDl7hv,A3,high,tiefer als 207,200,0,low
R_SB0TQPXpSZDl7hv,A4,high,mehr als 130'000 Kinder,150000,0,low
R_SB0TQPXpSZDl7hv,A5,high,weniger als 80 kg,60,0,low
R_tRic7wLvRQQESCR,A1,high,vor 1920,1900,4,high
R_tRic7wLvRQQESCR,A2,high,höher als 19 km/h,34,4,high
R_tRic7wLvRQQESCR,A3,high,höher als 207,210,4,high
R_tRic7wLvRQQESCR,A4,high,weniger als 130'000 Kinder,89000,4,high
R_tRic7wLvRQQESCR,A5,high,weniger als 80 kg,50,4,high
R_u81jrkdqnstc7Ml,A1,high,vor 1920,1890,1,low
R_u81jrkdqnstc7Ml,A2,high,höher als 19 km/h,24,1,low
R_u81jrkdqnstc7Ml,A3,high,tiefer als 207,145,1,low
R_u81jrkdqnstc7Ml,A4,high,weniger als 130'000 Kinder,100000,1,low
R_u81jrkdqnstc7Ml,A5,high,weniger als 80 kg,45,1,low
R_UaOQE289jZ75QMF,A1,low,nach 1850,1960,3,high
R_UaOQE289jZ75QMF,A2,low,höher als 11 km/h,25,3,high
R_UaOQE289jZ75QMF,A3,low,höher als 34,37,3,high
R_UaOQE289jZ75QMF,A4,low,weniger als 30'000 Kinder,20000,3,high
R_UaOQE289jZ75QMF,A5,low,mehr als 10 kg,55,3,high
R_UFo6gmOK5PGNlKh,A1,low,nach 1850,1861,0,low
R_UFo6gmOK5PGNlKh,A2,low,höher als 11 km/h,15,0,low
R_UFo6gmOK5PGNlKh,A3,low,höher als 34,100,0,low
R_UFo6gmOK5PGNlKh,A4,low,mehr als 30'000 Kinder,50000,0,low
R_UFo6gmOK5PGNlKh,A5,low,mehr als 10 kg,50,0,low
R_upMwdhckhh47AjL,A1,low,nach 1850,1880,4,high
R_upMwdhckhh47AjL,A2,low,höher als 11 km/h,22,4,high
R_upMwdhckhh47AjL,A3,low,höher als 34,70,4,high
R_upMwdhckhh47AjL,A4,low,mehr als 30'000 Kinder,100000,4,high
R_upMwdhckhh47AjL,A5,low,mehr als 10 kg,12,4,high
R_UQlxH6BsxfKYhIR,A1,high,vor 1920,1890,1,low
R_UQlxH6BsxfKYhIR,A2,high,höher als 19 km/h,25,1,low
R_UQlxH6BsxfKYhIR,A3,high,tiefer als 207,190,1,low
R_UQlxH6BsxfKYhIR,A4,high,mehr als 130'000 Kinder,140000,1,low
R_UQlxH6BsxfKYhIR,A5,high,weniger als 80 kg,60,1,low
R_USYbDmkd8GqR2Cd,A1,high,vor 1920,1862,4,high
R_USYbDmkd8GqR2Cd,A2,high,höher als 19 km/h,45,4,high
R_USYbDmkd8GqR2Cd,A3,high,tiefer als 207,194,4,high
R_USYbDmkd8GqR2Cd,A4,high,weniger als 130'000 Kinder,77500,4,high
R_USYbDmkd8GqR2Cd,A5,high,weniger als 80 kg,66,4,high
R_VOOnpjZOOAgtlNT,A1,high,vor 1920,1890,3,high
R_VOOnpjZOOAgtlNT,A2,high,höher als 19 km/h,30,3,high
R_VOOnpjZOOAgtlNT,A3,high,tiefer als 207,200,3,high
R_VOOnpjZOOAgtlNT,A4,high,weniger als 130'000 Kinder,50000,3,high
R_VOOnpjZOOAgtlNT,A5,high,weniger als 80 kg,40,3,high
R_vqKm08Ft0NhMUvL,A1,high,vor 1920,1860,2,low
R_vqKm08Ft0NhMUvL,A2,high,niedriger als 19 km/h,5,2,low
R_vqKm08Ft0NhMUvL,A3,high,höher als 207,210,2,low
R_vqKm08Ft0NhMUvL,A4,high,weniger als 130'000 Kinder,20000,2,low
R_vqKm08Ft0NhMUvL,A5,high,weniger als 80 kg,25,2,low
R_VVcMyz9CF4qZF1D,A1,low,nach 1850,1865,0,low
R_VVcMyz9CF4qZF1D,A2,low,höher als 11 km/h,30,0,low
R_VVcMyz9CF4qZF1D,A3,low,höher als 34,100,0,low
R_VVcMyz9CF4qZF1D,A4,low,mehr als 30'000 Kinder,30001,0,low
R_VVcMyz9CF4qZF1D,A5,low,mehr als 10 kg,11,0,low
R_VVlP0gI8WpjecG5,A1,low,nach 1850,1890,3,high
R_VVlP0gI8WpjecG5,A2,low,höher als 11 km/h,30,3,high
R_VVlP0gI8WpjecG5,A3,low,höher als 34,190,3,high
R_VVlP0gI8WpjecG5,A4,low,weniger als 30'000 Kinder,10000,3,high
R_VVlP0gI8WpjecG5,A5,low,mehr als 10 kg,20,3,high
R_w1b6cH4VqubXzZn,A1,high,vor 1920,1880,2,low
R_w1b6cH4VqubXzZn,A2,high,höher als 19 km/h,30,2,low
R_w1b6cH4VqubXzZn,A3,high,tiefer als 207,190,2,low
R_w1b6cH4VqubXzZn,A4,high,weniger als 130'000 Kinder,90000,2,low
R_w1b6cH4VqubXzZn,A5,high,weniger als 80 kg,50,2,low
R_W20UTK2cN7KY2FH,A1,low,nach 1850,1880,3,high
R_W20UTK2cN7KY2FH,A2,low,höher als 11 km/h,16,3,high
R_W20UTK2cN7KY2FH,A3,low,höher als 34,80,3,high
R_W20UTK2cN7KY2FH,A4,low,mehr als 30'000 Kinder,100000,3,high
R_W20UTK2cN7KY2FH,A5,low,mehr als 10 kg,50,3,high
R_w5eOmX7Imhf7vsB,A1,high,vor 1920,1910,4,high
R_w5eOmX7Imhf7vsB,A2,high,höher als 19 km/h,33,4,high
R_w5eOmX7Imhf7vsB,A3,high,tiefer als 207,175,4,high
R_w5eOmX7Imhf7vsB,A4,high,weniger als 130'000 Kinder,35000,4,high
R_w5eOmX7Imhf7vsB,A5,high,weniger als 80 kg,12,4,high
R_WcT2fMkdUYhobJv,A1,low,nach 1850,1860,4,high
R_WcT2fMkdUYhobJv,A2,low,höher als 11 km/h,40,4,high
R_WcT2fMkdUYhobJv,A3,low,höher als 34,190,4,high
R_WcT2fMkdUYhobJv,A4,low,weniger als 30'000 Kinder,20000,4,high
R_WcT2fMkdUYhobJv,A5,low,mehr als 10 kg,50,4,high
R_xsZZnblXpyv0jEl,A1,high,vor 1920,1861,3,high
R_xsZZnblXpyv0jEl,A2,high,höher als 19 km/h,45,3,high
R_xsZZnblXpyv0jEl,A3,high,tiefer als 207,193,3,high
R_xsZZnblXpyv0jEl,A4,high,weniger als 130'000 Kinder,89000,3,high
R_xsZZnblXpyv0jEl,A5,high,weniger als 80 kg,60,3,high
R_xxUxQ2pOoc6pR6x,A1,high,vor 1920,1890,4,high
R_xxUxQ2pOoc6pR6x,A2,high,höher als 19 km/h,30,4,high
R_xxUxQ2pOoc6pR6x,A3,high,tiefer als 207,180,4,high
R_xxUxQ2pOoc6pR6x,A4,high,weniger als 130'000 Kinder,120000,4,high
R_xxUxQ2pOoc6pR6x,A5,high,weniger als 80 kg,40,4,high
R_Y5JCeBldkZ4zOMh,A1,high,vor 1920,1900,1,low
R_Y5JCeBldkZ4zOMh,A2,high,höher als 19 km/h,25,1,low
R_Y5JCeBldkZ4zOMh,A3,high,tiefer als 207,200,1,low
R_Y5JCeBldkZ4zOMh,A4,high,weniger als 130'000 Kinder,40000,1,low
R_Y5JCeBldkZ4zOMh,A5,high,weniger als 80 kg,20,1,low
R_yINrGhlhNRMBrpf,A1,high,vor 1920,1881,1,low
R_yINrGhlhNRMBrpf,A2,high,höher als 19 km/h,42,1,low
R_yINrGhlhNRMBrpf,A3,high,tiefer als 207,201,1,low
R_yINrGhlhNRMBrpf,A4,high,weniger als 130'000 Kinder,99999,1,low
R_yINrGhlhNRMBrpf,A5,high,weniger als 80 kg,55,1,low
R_ykLfAgkTFkNHNUR,A1,high,vor 1920,1890,1,low
R_ykLfAgkTFkNHNUR,A2,high,höher als 19 km/h,30,1,low
R_ykLfAgkTFkNHNUR,A3,high,tiefer als 207,50,1,low
R_ykLfAgkTFkNHNUR,A4,high,mehr als 130'000 Kinder,400000,1,low
R_ykLfAgkTFkNHNUR,A5,high,mehr als 80 kg,100,1,low
R_Ztaca7JfkcdzA0V,A1,low,nach 1850,1887,1,low
R_Ztaca7JfkcdzA0V,A2,low,höher als 11 km/h,25,1,low
R_Ztaca7JfkcdzA0V,A3,low,höher als 34,40,1,low
R_Ztaca7JfkcdzA0V,A4,low,weniger als 30'000 Kinder,5000,1,low
R_Ztaca7JfkcdzA0V,A5,low,mehr als 10 kg,50,1,low
