ResponseId,Demographie_gender,Demographie_age
R_3JDgGOsNefO9xDR,weiblich,57
R_3Pjk6n86phnZnQ2,weiblich,58
R_RCzy8MUGyasNoaZ,weiblich,22
R_123efBSfQQXgWnd,männlich,26
R_d1pRRp8PqlCWEAV,männlich,22
R_2TRlbIwow6Ko1jJ,männlich,23
R_2fIrPXKz4iTgCjY,männlich,22
R_2wFYkglGyKTABrK,männlich,24
R_VVcMyz9CF4qZF1D,weiblich,22
R_1l5143pzbaF60ek,männlich,19
R_1QJzCNTwlYBROG0,männlich,20
R_27qj0JifN6x28WE,weiblich,17
R_2YbPcnZlYZj4N1V,männlich,58
R_296pVqfvWa32kDC,weiblich,50
R_2qrrPGlYbtFMNad,männlich,57
R_3QXgEYtJoBxLGAO,männlich,30
R_2PkdekMV80vdRYy,männlich,24
R_A5Lhhv3fawtl6pP,männlich,23
R_89fORWzxxO7ExlT,männlich,22
R_1fl8O7hkXXoGBnH,männlich,23
R_3HhwddKP8CAb2B9,männlich,25
R_Y5JCeBldkZ4zOMh,weiblich,23
R_2f8PqzyYzx95yjy,weiblich,24
R_3ReV6nFtYxIrsF1,weiblich,21
R_2dZr84fr3D4zsay,männlich,24
R_PTGWZnXS20e6iBj,divers,21
R_2dZs9NRU2ydNIZJ,weiblich,21
R_3p4l5Vp0AF6arUT,männlich,22
R_1mUePxBViSyhAus,weiblich,23
R_2P0ZSbpwicRBcAj,männlich,22
R_1g0kOcElqePFRTU,weiblich,20
R_2WUXZBTILvXopCK,weiblich,21
R_C3phJKshYbySYNz,weiblich,20
R_2YcdUquFKtwnV8i,männlich,22
R_vqKm08Ft0NhMUvL,weiblich,25
R_3JqmAT9NkdsyfAi,männlich,22
R_2VeVslJQ4R8ZeWN,männlich,24
R_phenMOuvrPVJy81,weiblich,59
R_1RJEHxQMlyhVAaZ,weiblich,20
R_3Dp9XK2N6ffL1RZ,weiblich,23
R_306nRJ7zd8j0zih,weiblich,58
R_26losLkkgxgZHvS,männlich,22
R_2YP2DlHQ51MOhac,weiblich,34
R_3koK1RIot4aX4TE,männlich,21
R_0DtEcsGzUrrLd3X,weiblich,22
R_3fQ5RYjTaxCirja,männlich,21
R_3JmgUdhPzrhGGmI,weiblich,22
R_3suXgV84r51JmCF,weiblich,22
R_2WGCksvHPLDPNVn,männlich,48
R_OJ7ZZdoicRWvuRH,weiblich,21
R_upMwdhckhh47AjL,männlich,22
R_1CvEIztkQtuNfzf,weiblich,21
R_3jdmwimZNKsnm8l,weiblich,22
R_UaOQE289jZ75QMF,männlich,22
R_1msiC85PggLlZdf,weiblich,15
R_3JIZoJd8X4Nxpcj,weiblich,27
R_30320JK2QMYIZAv,männlich,23
R_1Lw0IVcDlbEx6cG,weiblich,22
R_W20UTK2cN7KY2FH,weiblich,20
R_5gyItU24qhigSzL,weiblich,54
R_1prEcEVrORXGLO6,weiblich,52
R_3s4GNlLml7USXiL,männlich,27
R_272yApsIipSrlM5,weiblich,21
R_2BwBAsuTOumRWhJ,weiblich,26
R_3syJFTQEZBD1zkX,männlich,16
R_1o5wSU53POJzuNc,weiblich,21
R_AMP5wz7W9tvbb8J,weiblich,25
R_VVlP0gI8WpjecG5,weiblich,21
R_xxUxQ2pOoc6pR6x,männlich,25
R_1ONNtGS7EkU4d1n,weiblich,22
R_1eVsaqCWaRNhl57,weiblich,44
R_240k77AIsalEivC,männlich,28
R_3il46RmZ2c9jufc,männlich,21
R_1n2Eyu6c38yWX7y,männlich,22
R_12a1UWIyxeJMcwo,weiblich,23
R_3pmPa5LajFgsvgf,weiblich,22
R_28CzMBTA1n4r15F,weiblich,15
R_2qwSqiwUo4rFP4k,weiblich,22
R_w5eOmX7Imhf7vsB,männlich,21
R_3hz1J3bypV55Chc,männlich,23
R_1ityMaV4qGRVYqv,weiblich,24
R_29c8m8VDFtGMUYw,männlich,22
R_RxybzcsvFVQGSpb,männlich,22
R_UQlxH6BsxfKYhIR,weiblich,24
R_3g4MmFnf1lBBEDQ,männlich,22
R_1cT9BCTuZPtvDEL,männlich,44
R_1pGbGZ5RiuAIyqC,weiblich,60
R_3HLHGIFViLN7Utr,weiblich,19
R_3flRafkLfBSUel8,männlich,24
R_3oNqQs9hP7zye8V,männlich,20
R_AMN0PuR51f2Pl3b,männlich,23
R_27DLxVE5yX9ecPP,männlich,22
R_3I9VspbgFHBj05z,männlich,22
R_2tasFVgVEpNAGGn,weiblich,78
R_2njW5WixKBeqjAd,weiblich,65
R_1GuYesOqZTy79gg,weiblich,22
R_3iwq2SLDSwz70IU,weiblich,26
R_1QxyhWyvIJpJVdx,männlich,56
R_rkKaNJFAgeDUd5D,männlich,25
R_1d0ryhAR50ZezuG,männlich,45
R_1gSkEgcOqMzuHGv,männlich,22
R_yINrGhlhNRMBrpf,männlich,45
R_DCbFeFEFYoMx5cd,männlich,55
R_1PUIsB2NgFBGV9I,weiblich,57
R_2RWhv9w4rWHKbCI,männlich,22
R_WcT2fMkdUYhobJv,männlich,32
R_1rvmOn7RdMcZQUH,männlich,39
R_xsZZnblXpyv0jEl,männlich,61
R_esAy693FE1ZcNZD,männlich,16
R_3m2hamu5pSAzhRH,männlich,19
R_1jQ8VCVtsKXRxiw,männlich,24
R_1HjBExUIDs9WEdP,weiblich,22
R_24IpPVNeeu8TDzO,weiblich,22
R_2trG4X33oIM9rKc,weiblich,25
R_2nPd5UP0formABX,männlich,24
R_2cbINKNuT1bH75H,weiblich,24
R_1li6qLYX157qOXD,männlich,24
R_1GNvaDM7rJGJ731,männlich,22
R_2ASdWcdjbdgWptH,weiblich,24
R_5pSPa593z6UA6Hv,männlich,20
R_Ztaca7JfkcdzA0V,männlich,23
R_3r3dAOcrcJQ4lsf,männlich,22
R_2DS1osxWqGJ8NT3,männlich,24
R_PuJQbmsNLUfccuZ,weiblich,23
R_3JJInfqd39ZYoro,weiblich,23
R_1HjJwgxy3omfzkD,männlich,21
R_bQ9uHHD0MPEhoiJ,männlich,23
R_3rVapahHpOCGzkT,weiblich,60
R_b742FYxkYr7xMIh,männlich,22
R_r0baIcUvxPZJaHD,weiblich,22
R_VOOnpjZOOAgtlNT,männlich,33
R_ykLfAgkTFkNHNUR,männlich,24
R_2zSnBY4Nd8tAEgG,männlich,21
R_1Cf4vATi3WCKN9A,weiblich,22
R_1pnyx1eTTO0QObM,weiblich,24
R_1jGRVV37DXQM1uq,weiblich,22
R_qyKuOAnEc2DQICd,weiblich,22
R_tRic7wLvRQQESCR,weiblich,23
R_2Wu6aB6GRsWChzZ,weiblich,57
R_3hucL5l41aenOnJ,männlich,22
R_2VBV1kFPKUiuGtA,weiblich,21
R_3qmtpoD35NFwlo8,weiblich,57
R_D334PkkKsvZ02qZ,weiblich,29
R_2fHcgRy3rOzzK9R,weiblich,47
R_w1b6cH4VqubXzZn,weiblich,43
R_1GxYB4Nu5YSrSVR,männlich,50
R_3iRaR2zPOPJzoZN,männlich,59
R_2DS8Tfi9E9h7xoi,männlich,50
R_2TtkG9Kh4OjDijp,männlich,50
R_1mUYQLYqVNez4gp,männlich,49
R_u81jrkdqnstc7Ml,männlich,22
R_2SHxcdV6TS27Ss6,weiblich,58
R_OfMzjnaUOMuVrmF,weiblich,25
R_qJkkMYsFxZAszD3,weiblich,55
R_2mdeQIHQFYyLNuh,weiblich,20
R_12GC6S5wYff365T,weiblich,45
R_3D8DfLEr89UBhA3,weiblich,15
R_SB0TQPXpSZDl7hv,weiblich,30
R_RrCS7SiKwdfNia5,männlich,23
R_1K8gZQZFsFPD0qs,weiblich,20
R_UFo6gmOK5PGNlKh,männlich,24
R_3fclnkNpV8iZChG,männlich,23
R_3HncGEgWQYg3oCD,weiblich,22
R_2AL65P790WkFJKa,männlich,65
R_1luu9XGfu1MSqxp,weiblich,21
R_2WARryyIjCys6Pe,weiblich,54
R_emlKMQEoITTXBpD,weiblich,28
R_3OqUm2FdB3NhHNA,männlich,59
R_USYbDmkd8GqR2Cd,männlich,60
R_2VjRzzn8JlJMpmV,männlich,61
R_qCI7UtNG1XLxOox,NA,NA
R_1M6yCFuvWPtQTga,NA,NA
R_2qwQ3bikx05Ykn4,weiblich,22
R_2cBlDAyzuSOyJ3i,NA,NA
R_WrLExMU3fGqkSvD,NA,NA
R_3J8a3QI5MlXivYv,NA,NA
R_2R7Emlw2RgRorAm,NA,NA
R_2sTJkblWdciXBSV,NA,NA
R_1oGPFDPvTMfzJac,NA,NA
R_1rpN0rkLd3IAskt,NA,NA
R_2WJuKs7jtTpt3tl,NA,NA
R_2P5vTb6tcqdWbVP,NA,NA
R_1QnL6XlgH0MKF8l,NA,NA
