ResponseId,task_id,condition,frame,rating,score,numeracy
R_3JDgGOsNefO9xDR,1,74,pos,1,0,low
R_3JDgGOsNefO9xDR,2,81,pos,2,0,low
R_3JDgGOsNefO9xDR,3,71,pos,1,0,low
R_3JDgGOsNefO9xDR,4,78,pos,2,0,low
R_3JDgGOsNefO9xDR,5,68,pos,0,0,low
R_3Pjk6n86phnZnQ2,1,74,pos,2,1,low
R_3Pjk6n86phnZnQ2,2,81,pos,2,1,low
R_3Pjk6n86phnZnQ2,3,71,pos,2,1,low
R_3Pjk6n86phnZnQ2,4,78,pos,2,1,low
R_3Pjk6n86phnZnQ2,5,68,pos,1,1,low
R_RCzy8MUGyasNoaZ,4,22,neg,1,1,low
R_RCzy8MUGyasNoaZ,2,19,neg,1,1,low
R_RCzy8MUGyasNoaZ,1,26,neg,-1,1,low
R_RCzy8MUGyasNoaZ,3,29,neg,-1,1,low
R_RCzy8MUGyasNoaZ,5,32,neg,-2,1,low
R_123efBSfQQXgWnd,1,74,pos,2,4,high
R_123efBSfQQXgWnd,2,81,pos,3,4,high
R_123efBSfQQXgWnd,3,71,pos,1,4,high
R_123efBSfQQXgWnd,4,78,pos,1,4,high
R_123efBSfQQXgWnd,5,68,pos,1,4,high
R_d1pRRp8PqlCWEAV,1,74,pos,2,1,low
R_d1pRRp8PqlCWEAV,2,81,pos,3,1,low
R_d1pRRp8PqlCWEAV,3,71,pos,2,1,low
R_d1pRRp8PqlCWEAV,4,78,pos,2,1,low
R_d1pRRp8PqlCWEAV,5,68,pos,2,1,low
R_2TRlbIwow6Ko1jJ,1,74,pos,1,3,high
R_2TRlbIwow6Ko1jJ,2,81,pos,2,3,high
R_2TRlbIwow6Ko1jJ,3,71,pos,1,3,high
R_2TRlbIwow6Ko1jJ,4,78,pos,2,3,high
R_2TRlbIwow6Ko1jJ,5,68,pos,1,3,high
R_2fIrPXKz4iTgCjY,4,22,neg,2,4,high
R_2fIrPXKz4iTgCjY,2,19,neg,2,4,high
R_2fIrPXKz4iTgCjY,1,26,neg,-1,4,high
R_2fIrPXKz4iTgCjY,3,29,neg,-1,4,high
R_2fIrPXKz4iTgCjY,5,32,neg,-2,4,high
R_2wFYkglGyKTABrK,4,22,neg,2,2,low
R_2wFYkglGyKTABrK,2,19,neg,3,2,low
R_2wFYkglGyKTABrK,1,26,neg,2,2,low
R_2wFYkglGyKTABrK,3,29,neg,1,2,low
R_2wFYkglGyKTABrK,5,32,neg,1,2,low
R_VVcMyz9CF4qZF1D,1,74,pos,2,0,low
R_VVcMyz9CF4qZF1D,2,81,pos,2,0,low
R_VVcMyz9CF4qZF1D,3,71,pos,2,0,low
R_VVcMyz9CF4qZF1D,4,78,pos,2,0,low
R_VVcMyz9CF4qZF1D,5,68,pos,1,0,low
R_1l5143pzbaF60ek,4,22,neg,2,3,high
R_1l5143pzbaF60ek,2,19,neg,2,3,high
R_1l5143pzbaF60ek,1,26,neg,1,3,high
R_1l5143pzbaF60ek,3,29,neg,1,3,high
R_1l5143pzbaF60ek,5,32,neg,1,3,high
R_1QJzCNTwlYBROG0,4,22,neg,2,3,high
R_1QJzCNTwlYBROG0,2,19,neg,2,3,high
R_1QJzCNTwlYBROG0,1,26,neg,2,3,high
R_1QJzCNTwlYBROG0,3,29,neg,1,3,high
R_1QJzCNTwlYBROG0,5,32,neg,1,3,high
R_27qj0JifN6x28WE,1,74,pos,2,1,low
R_27qj0JifN6x28WE,2,81,pos,2,1,low
R_27qj0JifN6x28WE,3,71,pos,2,1,low
R_27qj0JifN6x28WE,4,78,pos,2,1,low
R_27qj0JifN6x28WE,5,68,pos,1,1,low
R_2YbPcnZlYZj4N1V,4,22,neg,2,4,high
R_2YbPcnZlYZj4N1V,2,19,neg,2,4,high
R_2YbPcnZlYZj4N1V,1,26,neg,2,4,high
R_2YbPcnZlYZj4N1V,3,29,neg,1,4,high
R_2YbPcnZlYZj4N1V,5,32,neg,0,4,high
R_296pVqfvWa32kDC,4,22,neg,-1,1,low
R_296pVqfvWa32kDC,2,19,neg,-1,1,low
R_296pVqfvWa32kDC,1,26,neg,-1,1,low
R_296pVqfvWa32kDC,3,29,neg,-2,1,low
R_296pVqfvWa32kDC,5,32,neg,-2,1,low
R_2qrrPGlYbtFMNad,1,74,pos,1,1,low
R_2qrrPGlYbtFMNad,2,81,pos,1,1,low
R_2qrrPGlYbtFMNad,3,71,pos,1,1,low
R_2qrrPGlYbtFMNad,4,78,pos,1,1,low
R_2qrrPGlYbtFMNad,5,68,pos,1,1,low
R_3QXgEYtJoBxLGAO,4,22,neg,1,4,high
R_3QXgEYtJoBxLGAO,2,19,neg,2,4,high
R_3QXgEYtJoBxLGAO,1,26,neg,1,4,high
R_3QXgEYtJoBxLGAO,3,29,neg,0,4,high
R_3QXgEYtJoBxLGAO,5,32,neg,-1,4,high
R_2PkdekMV80vdRYy,1,74,pos,1,2,low
R_2PkdekMV80vdRYy,2,81,pos,2,2,low
R_2PkdekMV80vdRYy,3,71,pos,1,2,low
R_2PkdekMV80vdRYy,4,78,pos,2,2,low
R_2PkdekMV80vdRYy,5,68,pos,0,2,low
R_A5Lhhv3fawtl6pP,1,74,pos,2,1,low
R_A5Lhhv3fawtl6pP,2,81,pos,2,1,low
R_A5Lhhv3fawtl6pP,3,71,pos,1,1,low
R_A5Lhhv3fawtl6pP,4,78,pos,2,1,low
R_A5Lhhv3fawtl6pP,5,68,pos,1,1,low
R_89fORWzxxO7ExlT,4,22,neg,2,4,high
R_89fORWzxxO7ExlT,2,19,neg,2,4,high
R_89fORWzxxO7ExlT,1,26,neg,1,4,high
R_89fORWzxxO7ExlT,3,29,neg,1,4,high
R_89fORWzxxO7ExlT,5,32,neg,0,4,high
R_1fl8O7hkXXoGBnH,4,22,neg,2,2,low
R_1fl8O7hkXXoGBnH,2,19,neg,2,2,low
R_1fl8O7hkXXoGBnH,1,26,neg,1,2,low
R_1fl8O7hkXXoGBnH,3,29,neg,0,2,low
R_1fl8O7hkXXoGBnH,5,32,neg,0,2,low
R_3HhwddKP8CAb2B9,1,74,pos,2,1,low
R_3HhwddKP8CAb2B9,2,81,pos,2,1,low
R_3HhwddKP8CAb2B9,3,71,pos,2,1,low
R_3HhwddKP8CAb2B9,4,78,pos,2,1,low
R_3HhwddKP8CAb2B9,5,68,pos,1,1,low
R_Y5JCeBldkZ4zOMh,1,74,pos,2,1,low
R_Y5JCeBldkZ4zOMh,2,81,pos,2,1,low
R_Y5JCeBldkZ4zOMh,3,71,pos,2,1,low
R_Y5JCeBldkZ4zOMh,4,78,pos,2,1,low
R_Y5JCeBldkZ4zOMh,5,68,pos,1,1,low
R_2f8PqzyYzx95yjy,1,74,pos,2,3,high
R_2f8PqzyYzx95yjy,2,81,pos,2,3,high
R_2f8PqzyYzx95yjy,3,71,pos,2,3,high
R_2f8PqzyYzx95yjy,4,78,pos,2,3,high
R_2f8PqzyYzx95yjy,5,68,pos,1,3,high
R_3ReV6nFtYxIrsF1,4,22,neg,2,1,low
R_3ReV6nFtYxIrsF1,2,19,neg,2,1,low
R_3ReV6nFtYxIrsF1,1,26,neg,2,1,low
R_3ReV6nFtYxIrsF1,3,29,neg,1,1,low
R_3ReV6nFtYxIrsF1,5,32,neg,1,1,low
R_2dZr84fr3D4zsay,4,22,neg,1,3,high
R_2dZr84fr3D4zsay,2,19,neg,1,3,high
R_2dZr84fr3D4zsay,1,26,neg,1,3,high
R_2dZr84fr3D4zsay,3,29,neg,0,3,high
R_2dZr84fr3D4zsay,5,32,neg,0,3,high
R_PTGWZnXS20e6iBj,4,22,neg,0,0,low
R_PTGWZnXS20e6iBj,2,19,neg,1,0,low
R_PTGWZnXS20e6iBj,1,26,neg,-1,0,low
R_PTGWZnXS20e6iBj,3,29,neg,-1,0,low
R_PTGWZnXS20e6iBj,5,32,neg,-2,0,low
R_2dZs9NRU2ydNIZJ,1,74,pos,2,1,low
R_2dZs9NRU2ydNIZJ,2,81,pos,2,1,low
R_2dZs9NRU2ydNIZJ,3,71,pos,1,1,low
R_2dZs9NRU2ydNIZJ,4,78,pos,2,1,low
R_2dZs9NRU2ydNIZJ,5,68,pos,1,1,low
R_3p4l5Vp0AF6arUT,4,22,neg,2,2,low
R_3p4l5Vp0AF6arUT,2,19,neg,2,2,low
R_3p4l5Vp0AF6arUT,1,26,neg,2,2,low
R_3p4l5Vp0AF6arUT,3,29,neg,1,2,low
R_3p4l5Vp0AF6arUT,5,32,neg,1,2,low
R_1mUePxBViSyhAus,4,22,neg,1,0,low
R_1mUePxBViSyhAus,2,19,neg,1,0,low
R_1mUePxBViSyhAus,1,26,neg,1,0,low
R_1mUePxBViSyhAus,3,29,neg,1,0,low
R_1mUePxBViSyhAus,5,32,neg,2,0,low
R_2P0ZSbpwicRBcAj,4,22,neg,1,1,low
R_2P0ZSbpwicRBcAj,2,19,neg,1,1,low
R_2P0ZSbpwicRBcAj,1,26,neg,0,1,low
R_2P0ZSbpwicRBcAj,3,29,neg,-1,1,low
R_2P0ZSbpwicRBcAj,5,32,neg,-1,1,low
R_1g0kOcElqePFRTU,1,74,pos,3,3,high
R_1g0kOcElqePFRTU,2,81,pos,3,3,high
R_1g0kOcElqePFRTU,3,71,pos,3,3,high
R_1g0kOcElqePFRTU,4,78,pos,3,3,high
R_1g0kOcElqePFRTU,5,68,pos,2,3,high
R_2WUXZBTILvXopCK,1,74,pos,1,3,high
R_2WUXZBTILvXopCK,2,81,pos,2,3,high
R_2WUXZBTILvXopCK,3,71,pos,1,3,high
R_2WUXZBTILvXopCK,4,78,pos,2,3,high
R_2WUXZBTILvXopCK,5,68,pos,0,3,high
R_C3phJKshYbySYNz,4,22,neg,2,2,low
R_C3phJKshYbySYNz,2,19,neg,2,2,low
R_C3phJKshYbySYNz,1,26,neg,2,2,low
R_C3phJKshYbySYNz,3,29,neg,1,2,low
R_C3phJKshYbySYNz,5,32,neg,1,2,low
R_2YcdUquFKtwnV8i,4,22,neg,2,1,low
R_2YcdUquFKtwnV8i,2,19,neg,2,1,low
R_2YcdUquFKtwnV8i,1,26,neg,2,1,low
R_2YcdUquFKtwnV8i,3,29,neg,2,1,low
R_2YcdUquFKtwnV8i,5,32,neg,2,1,low
R_vqKm08Ft0NhMUvL,4,22,neg,2,2,low
R_vqKm08Ft0NhMUvL,2,19,neg,2,2,low
R_vqKm08Ft0NhMUvL,1,26,neg,1,2,low
R_vqKm08Ft0NhMUvL,3,29,neg,1,2,low
R_vqKm08Ft0NhMUvL,5,32,neg,1,2,low
R_3JqmAT9NkdsyfAi,1,74,pos,1,3,high
R_3JqmAT9NkdsyfAi,2,81,pos,2,3,high
R_3JqmAT9NkdsyfAi,3,71,pos,1,3,high
R_3JqmAT9NkdsyfAi,4,78,pos,2,3,high
R_3JqmAT9NkdsyfAi,5,68,pos,1,3,high
R_2VeVslJQ4R8ZeWN,1,74,pos,1,4,high
R_2VeVslJQ4R8ZeWN,2,81,pos,1,4,high
R_2VeVslJQ4R8ZeWN,3,71,pos,1,4,high
R_2VeVslJQ4R8ZeWN,4,78,pos,1,4,high
R_2VeVslJQ4R8ZeWN,5,68,pos,1,4,high
R_phenMOuvrPVJy81,1,74,pos,1,2,low
R_phenMOuvrPVJy81,2,81,pos,2,2,low
R_phenMOuvrPVJy81,3,71,pos,1,2,low
R_phenMOuvrPVJy81,4,78,pos,2,2,low
R_phenMOuvrPVJy81,5,68,pos,0,2,low
R_1RJEHxQMlyhVAaZ,1,74,pos,2,2,low
R_1RJEHxQMlyhVAaZ,2,81,pos,2,2,low
R_1RJEHxQMlyhVAaZ,3,71,pos,2,2,low
R_1RJEHxQMlyhVAaZ,4,78,pos,2,2,low
R_1RJEHxQMlyhVAaZ,5,68,pos,1,2,low
R_3Dp9XK2N6ffL1RZ,4,22,neg,2,1,low
R_3Dp9XK2N6ffL1RZ,2,19,neg,2,1,low
R_3Dp9XK2N6ffL1RZ,1,26,neg,2,1,low
R_3Dp9XK2N6ffL1RZ,3,29,neg,1,1,low
R_3Dp9XK2N6ffL1RZ,5,32,neg,1,1,low
R_306nRJ7zd8j0zih,4,22,neg,2,0,low
R_306nRJ7zd8j0zih,2,19,neg,2,0,low
R_306nRJ7zd8j0zih,1,26,neg,1,0,low
R_306nRJ7zd8j0zih,3,29,neg,1,0,low
R_306nRJ7zd8j0zih,5,32,neg,1,0,low
R_26losLkkgxgZHvS,1,74,pos,1,3,high
R_26losLkkgxgZHvS,2,81,pos,2,3,high
R_26losLkkgxgZHvS,3,71,pos,1,3,high
R_26losLkkgxgZHvS,4,78,pos,1,3,high
R_26losLkkgxgZHvS,5,68,pos,1,3,high
R_2YP2DlHQ51MOhac,1,74,pos,1,0,low
R_2YP2DlHQ51MOhac,2,81,pos,2,0,low
R_2YP2DlHQ51MOhac,3,71,pos,1,0,low
R_2YP2DlHQ51MOhac,4,78,pos,1,0,low
R_2YP2DlHQ51MOhac,5,68,pos,0,0,low
R_3koK1RIot4aX4TE,1,74,pos,2,1,low
R_3koK1RIot4aX4TE,2,81,pos,3,1,low
R_3koK1RIot4aX4TE,3,71,pos,1,1,low
R_3koK1RIot4aX4TE,4,78,pos,2,1,low
R_3koK1RIot4aX4TE,5,68,pos,1,1,low
R_0DtEcsGzUrrLd3X,4,22,neg,2,3,high
R_0DtEcsGzUrrLd3X,2,19,neg,2,3,high
R_0DtEcsGzUrrLd3X,1,26,neg,1,3,high
R_0DtEcsGzUrrLd3X,3,29,neg,1,3,high
R_0DtEcsGzUrrLd3X,5,32,neg,1,3,high
R_3fQ5RYjTaxCirja,4,22,neg,1,2,low
R_3fQ5RYjTaxCirja,2,19,neg,1,2,low
R_3fQ5RYjTaxCirja,1,26,neg,1,2,low
R_3fQ5RYjTaxCirja,3,29,neg,1,2,low
R_3fQ5RYjTaxCirja,5,32,neg,0,2,low
R_3JmgUdhPzrhGGmI,1,74,pos,1,2,low
R_3JmgUdhPzrhGGmI,2,81,pos,2,2,low
R_3JmgUdhPzrhGGmI,3,71,pos,1,2,low
R_3JmgUdhPzrhGGmI,4,78,pos,1,2,low
R_3JmgUdhPzrhGGmI,5,68,pos,0,2,low
R_3suXgV84r51JmCF,4,22,neg,2,2,low
R_3suXgV84r51JmCF,2,19,neg,2,2,low
R_3suXgV84r51JmCF,1,26,neg,2,2,low
R_3suXgV84r51JmCF,3,29,neg,2,2,low
R_3suXgV84r51JmCF,5,32,neg,2,2,low
R_2WGCksvHPLDPNVn,1,74,pos,1,1,low
R_2WGCksvHPLDPNVn,2,81,pos,1,1,low
R_2WGCksvHPLDPNVn,3,71,pos,1,1,low
R_2WGCksvHPLDPNVn,4,78,pos,1,1,low
R_2WGCksvHPLDPNVn,5,68,pos,-1,1,low
R_OJ7ZZdoicRWvuRH,1,74,pos,2,0,low
R_OJ7ZZdoicRWvuRH,2,81,pos,2,0,low
R_OJ7ZZdoicRWvuRH,3,71,pos,2,0,low
R_OJ7ZZdoicRWvuRH,4,78,pos,2,0,low
R_OJ7ZZdoicRWvuRH,5,68,pos,1,0,low
R_upMwdhckhh47AjL,1,74,pos,2,4,high
R_upMwdhckhh47AjL,2,81,pos,3,4,high
R_upMwdhckhh47AjL,3,71,pos,2,4,high
R_upMwdhckhh47AjL,4,78,pos,2,4,high
R_upMwdhckhh47AjL,5,68,pos,1,4,high
R_1CvEIztkQtuNfzf,1,74,pos,2,0,low
R_1CvEIztkQtuNfzf,2,81,pos,3,0,low
R_1CvEIztkQtuNfzf,3,71,pos,2,0,low
R_1CvEIztkQtuNfzf,4,78,pos,2,0,low
R_1CvEIztkQtuNfzf,5,68,pos,1,0,low
R_3jdmwimZNKsnm8l,1,74,pos,2,4,high
R_3jdmwimZNKsnm8l,2,81,pos,2,4,high
R_3jdmwimZNKsnm8l,3,71,pos,2,4,high
R_3jdmwimZNKsnm8l,4,78,pos,2,4,high
R_3jdmwimZNKsnm8l,5,68,pos,1,4,high
R_UaOQE289jZ75QMF,1,74,pos,2,3,high
R_UaOQE289jZ75QMF,2,81,pos,2,3,high
R_UaOQE289jZ75QMF,3,71,pos,2,3,high
R_UaOQE289jZ75QMF,4,78,pos,2,3,high
R_UaOQE289jZ75QMF,5,68,pos,0,3,high
R_1msiC85PggLlZdf,1,74,pos,-2,1,low
R_1msiC85PggLlZdf,2,81,pos,2,1,low
R_1msiC85PggLlZdf,3,71,pos,-2,1,low
R_1msiC85PggLlZdf,4,78,pos,-1,1,low
R_1msiC85PggLlZdf,5,68,pos,-2,1,low
R_3JIZoJd8X4Nxpcj,4,22,neg,2,0,low
R_3JIZoJd8X4Nxpcj,2,19,neg,3,0,low
R_3JIZoJd8X4Nxpcj,1,26,neg,1,0,low
R_3JIZoJd8X4Nxpcj,3,29,neg,2,0,low
R_3JIZoJd8X4Nxpcj,5,32,neg,0,0,low
R_30320JK2QMYIZAv,4,22,neg,-2,3,high
R_30320JK2QMYIZAv,2,19,neg,2,3,high
R_30320JK2QMYIZAv,1,26,neg,2,3,high
R_30320JK2QMYIZAv,3,29,neg,1,3,high
R_30320JK2QMYIZAv,5,32,neg,1,3,high
R_1Lw0IVcDlbEx6cG,1,74,pos,1,1,low
R_1Lw0IVcDlbEx6cG,2,81,pos,2,1,low
R_1Lw0IVcDlbEx6cG,3,71,pos,1,1,low
R_1Lw0IVcDlbEx6cG,4,78,pos,2,1,low
R_1Lw0IVcDlbEx6cG,5,68,pos,1,1,low
R_W20UTK2cN7KY2FH,4,22,neg,1,3,high
R_W20UTK2cN7KY2FH,2,19,neg,1,3,high
R_W20UTK2cN7KY2FH,1,26,neg,0,3,high
R_W20UTK2cN7KY2FH,3,29,neg,-1,3,high
R_W20UTK2cN7KY2FH,5,32,neg,-1,3,high
R_5gyItU24qhigSzL,4,22,neg,2,1,low
R_5gyItU24qhigSzL,2,19,neg,2,1,low
R_5gyItU24qhigSzL,1,26,neg,1,1,low
R_5gyItU24qhigSzL,3,29,neg,1,1,low
R_5gyItU24qhigSzL,5,32,neg,1,1,low
R_1prEcEVrORXGLO6,1,74,pos,1,3,high
R_1prEcEVrORXGLO6,2,81,pos,1,3,high
R_1prEcEVrORXGLO6,3,71,pos,1,3,high
R_1prEcEVrORXGLO6,4,78,pos,1,3,high
R_1prEcEVrORXGLO6,5,68,pos,1,3,high
R_3s4GNlLml7USXiL,1,74,pos,1,1,low
R_3s4GNlLml7USXiL,2,81,pos,2,1,low
R_3s4GNlLml7USXiL,3,71,pos,1,1,low
R_3s4GNlLml7USXiL,4,78,pos,1,1,low
R_3s4GNlLml7USXiL,5,68,pos,0,1,low
R_272yApsIipSrlM5,4,22,neg,2,1,low
R_272yApsIipSrlM5,2,19,neg,2,1,low
R_272yApsIipSrlM5,1,26,neg,2,1,low
R_272yApsIipSrlM5,3,29,neg,2,1,low
R_272yApsIipSrlM5,5,32,neg,1,1,low
R_2BwBAsuTOumRWhJ,4,22,neg,-1,3,high
R_2BwBAsuTOumRWhJ,2,19,neg,-1,3,high
R_2BwBAsuTOumRWhJ,1,26,neg,-1,3,high
R_2BwBAsuTOumRWhJ,3,29,neg,-2,3,high
R_2BwBAsuTOumRWhJ,5,32,neg,-2,3,high
R_3syJFTQEZBD1zkX,1,74,pos,1,2,low
R_3syJFTQEZBD1zkX,2,81,pos,2,2,low
R_3syJFTQEZBD1zkX,3,71,pos,1,2,low
R_3syJFTQEZBD1zkX,4,78,pos,1,2,low
R_3syJFTQEZBD1zkX,5,68,pos,1,2,low
R_1o5wSU53POJzuNc,4,22,neg,2,1,low
R_1o5wSU53POJzuNc,2,19,neg,1,1,low
R_1o5wSU53POJzuNc,1,26,neg,1,1,low
R_1o5wSU53POJzuNc,3,29,neg,-1,1,low
R_1o5wSU53POJzuNc,5,32,neg,-1,1,low
R_AMP5wz7W9tvbb8J,1,74,pos,2,0,low
R_AMP5wz7W9tvbb8J,2,81,pos,2,0,low
R_AMP5wz7W9tvbb8J,3,71,pos,2,0,low
R_AMP5wz7W9tvbb8J,4,78,pos,2,0,low
R_AMP5wz7W9tvbb8J,5,68,pos,1,0,low
R_VVlP0gI8WpjecG5,1,74,pos,1,3,high
R_VVlP0gI8WpjecG5,2,81,pos,2,3,high
R_VVlP0gI8WpjecG5,3,71,pos,1,3,high
R_VVlP0gI8WpjecG5,4,78,pos,2,3,high
R_VVlP0gI8WpjecG5,5,68,pos,0,3,high
R_xxUxQ2pOoc6pR6x,4,22,neg,1,4,high
R_xxUxQ2pOoc6pR6x,2,19,neg,2,4,high
R_xxUxQ2pOoc6pR6x,1,26,neg,1,4,high
R_xxUxQ2pOoc6pR6x,3,29,neg,1,4,high
R_xxUxQ2pOoc6pR6x,5,32,neg,1,4,high
R_1ONNtGS7EkU4d1n,1,74,pos,2,2,low
R_1ONNtGS7EkU4d1n,2,81,pos,2,2,low
R_1ONNtGS7EkU4d1n,3,71,pos,2,2,low
R_1ONNtGS7EkU4d1n,4,78,pos,2,2,low
R_1ONNtGS7EkU4d1n,5,68,pos,1,2,low
R_1eVsaqCWaRNhl57,1,74,pos,0,0,low
R_1eVsaqCWaRNhl57,2,81,pos,1,0,low
R_1eVsaqCWaRNhl57,3,71,pos,-1,0,low
R_1eVsaqCWaRNhl57,4,78,pos,1,0,low
R_1eVsaqCWaRNhl57,5,68,pos,-1,0,low
R_240k77AIsalEivC,4,22,neg,2,2,low
R_240k77AIsalEivC,2,19,neg,2,2,low
R_240k77AIsalEivC,1,26,neg,1,2,low
R_240k77AIsalEivC,3,29,neg,1,2,low
R_240k77AIsalEivC,5,32,neg,1,2,low
R_3il46RmZ2c9jufc,4,22,neg,1,4,high
R_3il46RmZ2c9jufc,2,19,neg,1,4,high
R_3il46RmZ2c9jufc,1,26,neg,1,4,high
R_3il46RmZ2c9jufc,3,29,neg,0,4,high
R_3il46RmZ2c9jufc,5,32,neg,0,4,high
R_1n2Eyu6c38yWX7y,4,22,neg,2,0,low
R_1n2Eyu6c38yWX7y,2,19,neg,3,0,low
R_1n2Eyu6c38yWX7y,1,26,neg,1,0,low
R_1n2Eyu6c38yWX7y,3,29,neg,1,0,low
R_1n2Eyu6c38yWX7y,5,32,neg,1,0,low
R_12a1UWIyxeJMcwo,1,74,pos,1,1,low
R_12a1UWIyxeJMcwo,2,81,pos,2,1,low
R_12a1UWIyxeJMcwo,3,71,pos,1,1,low
R_12a1UWIyxeJMcwo,4,78,pos,2,1,low
R_12a1UWIyxeJMcwo,5,68,pos,1,1,low
R_3pmPa5LajFgsvgf,1,74,pos,2,4,high
R_3pmPa5LajFgsvgf,2,81,pos,2,4,high
R_3pmPa5LajFgsvgf,3,71,pos,2,4,high
R_3pmPa5LajFgsvgf,4,78,pos,2,4,high
R_3pmPa5LajFgsvgf,5,68,pos,1,4,high
R_28CzMBTA1n4r15F,1,74,pos,1,1,low
R_28CzMBTA1n4r15F,2,81,pos,2,1,low
R_28CzMBTA1n4r15F,3,71,pos,1,1,low
R_28CzMBTA1n4r15F,4,78,pos,2,1,low
R_28CzMBTA1n4r15F,5,68,pos,1,1,low
R_2qwSqiwUo4rFP4k,1,74,pos,1,0,low
R_2qwSqiwUo4rFP4k,2,81,pos,2,0,low
R_2qwSqiwUo4rFP4k,3,71,pos,1,0,low
R_2qwSqiwUo4rFP4k,4,78,pos,1,0,low
R_2qwSqiwUo4rFP4k,5,68,pos,0,0,low
R_w5eOmX7Imhf7vsB,4,22,neg,2,4,high
R_w5eOmX7Imhf7vsB,2,19,neg,2,4,high
R_w5eOmX7Imhf7vsB,1,26,neg,1,4,high
R_w5eOmX7Imhf7vsB,3,29,neg,1,4,high
R_w5eOmX7Imhf7vsB,5,32,neg,1,4,high
R_3hz1J3bypV55Chc,1,74,pos,2,0,low
R_3hz1J3bypV55Chc,2,81,pos,2,0,low
R_3hz1J3bypV55Chc,3,71,pos,2,0,low
R_3hz1J3bypV55Chc,4,78,pos,2,0,low
R_3hz1J3bypV55Chc,5,68,pos,1,0,low
R_1ityMaV4qGRVYqv,1,74,pos,2,2,low
R_1ityMaV4qGRVYqv,2,81,pos,2,2,low
R_1ityMaV4qGRVYqv,3,71,pos,1,2,low
R_1ityMaV4qGRVYqv,4,78,pos,2,2,low
R_1ityMaV4qGRVYqv,5,68,pos,1,2,low
R_29c8m8VDFtGMUYw,4,22,neg,2,2,low
R_29c8m8VDFtGMUYw,2,19,neg,3,2,low
R_29c8m8VDFtGMUYw,1,26,neg,2,2,low
R_29c8m8VDFtGMUYw,3,29,neg,2,2,low
R_29c8m8VDFtGMUYw,5,32,neg,1,2,low
R_RxybzcsvFVQGSpb,4,22,neg,2,1,low
R_RxybzcsvFVQGSpb,2,19,neg,2,1,low
R_RxybzcsvFVQGSpb,1,26,neg,1,1,low
R_RxybzcsvFVQGSpb,3,29,neg,1,1,low
R_RxybzcsvFVQGSpb,5,32,neg,1,1,low
R_UQlxH6BsxfKYhIR,4,22,neg,2,1,low
R_UQlxH6BsxfKYhIR,2,19,neg,2,1,low
R_UQlxH6BsxfKYhIR,1,26,neg,1,1,low
R_UQlxH6BsxfKYhIR,3,29,neg,1,1,low
R_UQlxH6BsxfKYhIR,5,32,neg,1,1,low
R_3g4MmFnf1lBBEDQ,4,22,neg,2,3,high
R_3g4MmFnf1lBBEDQ,2,19,neg,2,3,high
R_3g4MmFnf1lBBEDQ,1,26,neg,2,3,high
R_3g4MmFnf1lBBEDQ,3,29,neg,1,3,high
R_3g4MmFnf1lBBEDQ,5,32,neg,1,3,high
R_1cT9BCTuZPtvDEL,1,74,pos,1,1,low
R_1cT9BCTuZPtvDEL,2,81,pos,2,1,low
R_1cT9BCTuZPtvDEL,3,71,pos,1,1,low
R_1cT9BCTuZPtvDEL,4,78,pos,1,1,low
R_1cT9BCTuZPtvDEL,5,68,pos,0,1,low
R_1pGbGZ5RiuAIyqC,4,22,neg,1,1,low
R_1pGbGZ5RiuAIyqC,2,19,neg,1,1,low
R_1pGbGZ5RiuAIyqC,1,26,neg,-1,1,low
R_1pGbGZ5RiuAIyqC,3,29,neg,-1,1,low
R_1pGbGZ5RiuAIyqC,5,32,neg,-1,1,low
R_3HLHGIFViLN7Utr,1,74,pos,2,2,low
R_3HLHGIFViLN7Utr,2,81,pos,2,2,low
R_3HLHGIFViLN7Utr,3,71,pos,2,2,low
R_3HLHGIFViLN7Utr,4,78,pos,2,2,low
R_3HLHGIFViLN7Utr,5,68,pos,1,2,low
R_3flRafkLfBSUel8,4,22,neg,1,3,high
R_3flRafkLfBSUel8,2,19,neg,2,3,high
R_3flRafkLfBSUel8,1,26,neg,1,3,high
R_3flRafkLfBSUel8,3,29,neg,0,3,high
R_3flRafkLfBSUel8,5,32,neg,0,3,high
R_3oNqQs9hP7zye8V,1,74,pos,2,4,high
R_3oNqQs9hP7zye8V,2,81,pos,2,4,high
R_3oNqQs9hP7zye8V,3,71,pos,1,4,high
R_3oNqQs9hP7zye8V,4,78,pos,2,4,high
R_3oNqQs9hP7zye8V,5,68,pos,1,4,high
R_AMN0PuR51f2Pl3b,1,74,pos,2,3,high
R_AMN0PuR51f2Pl3b,2,81,pos,2,3,high
R_AMN0PuR51f2Pl3b,3,71,pos,2,3,high
R_AMN0PuR51f2Pl3b,4,78,pos,2,3,high
R_AMN0PuR51f2Pl3b,5,68,pos,2,3,high
R_27DLxVE5yX9ecPP,4,22,neg,1,2,low
R_27DLxVE5yX9ecPP,2,19,neg,1,2,low
R_27DLxVE5yX9ecPP,1,26,neg,0,2,low
R_27DLxVE5yX9ecPP,3,29,neg,-1,2,low
R_27DLxVE5yX9ecPP,5,32,neg,-1,2,low
R_3I9VspbgFHBj05z,4,22,neg,2,4,high
R_3I9VspbgFHBj05z,2,19,neg,2,4,high
R_3I9VspbgFHBj05z,1,26,neg,1,4,high
R_3I9VspbgFHBj05z,3,29,neg,1,4,high
R_3I9VspbgFHBj05z,5,32,neg,0,4,high
R_2tasFVgVEpNAGGn,1,74,pos,2,0,low
R_2tasFVgVEpNAGGn,2,81,pos,2,0,low
R_2tasFVgVEpNAGGn,3,71,pos,2,0,low
R_2tasFVgVEpNAGGn,4,78,pos,2,0,low
R_2tasFVgVEpNAGGn,5,68,pos,1,0,low
R_2njW5WixKBeqjAd,1,74,pos,0,1,low
R_2njW5WixKBeqjAd,2,81,pos,1,1,low
R_2njW5WixKBeqjAd,3,71,pos,0,1,low
R_2njW5WixKBeqjAd,4,78,pos,1,1,low
R_2njW5WixKBeqjAd,5,68,pos,-1,1,low
R_1GuYesOqZTy79gg,4,22,neg,1,1,low
R_1GuYesOqZTy79gg,2,19,neg,1,1,low
R_1GuYesOqZTy79gg,1,26,neg,0,1,low
R_1GuYesOqZTy79gg,3,29,neg,0,1,low
R_1GuYesOqZTy79gg,5,32,neg,0,1,low
R_3iwq2SLDSwz70IU,4,22,neg,2,1,low
R_3iwq2SLDSwz70IU,2,19,neg,2,1,low
R_3iwq2SLDSwz70IU,1,26,neg,1,1,low
R_3iwq2SLDSwz70IU,3,29,neg,1,1,low
R_3iwq2SLDSwz70IU,5,32,neg,0,1,low
R_1QxyhWyvIJpJVdx,1,74,pos,2,2,low
R_1QxyhWyvIJpJVdx,2,81,pos,2,2,low
R_1QxyhWyvIJpJVdx,3,71,pos,1,2,low
R_1QxyhWyvIJpJVdx,4,78,pos,2,2,low
R_1QxyhWyvIJpJVdx,5,68,pos,1,2,low
R_rkKaNJFAgeDUd5D,1,74,pos,1,2,low
R_rkKaNJFAgeDUd5D,2,81,pos,2,2,low
R_rkKaNJFAgeDUd5D,3,71,pos,1,2,low
R_rkKaNJFAgeDUd5D,4,78,pos,1,2,low
R_rkKaNJFAgeDUd5D,5,68,pos,0,2,low
R_1d0ryhAR50ZezuG,4,22,neg,2,1,low
R_1d0ryhAR50ZezuG,2,19,neg,2,1,low
R_1d0ryhAR50ZezuG,1,26,neg,2,1,low
R_1d0ryhAR50ZezuG,3,29,neg,2,1,low
R_1d0ryhAR50ZezuG,5,32,neg,1,1,low
R_1gSkEgcOqMzuHGv,1,74,pos,2,1,low
R_1gSkEgcOqMzuHGv,2,81,pos,2,1,low
R_1gSkEgcOqMzuHGv,3,71,pos,2,1,low
R_1gSkEgcOqMzuHGv,4,78,pos,2,1,low
R_1gSkEgcOqMzuHGv,5,68,pos,1,1,low
R_yINrGhlhNRMBrpf,4,22,neg,1,1,low
R_yINrGhlhNRMBrpf,2,19,neg,2,1,low
R_yINrGhlhNRMBrpf,1,26,neg,1,1,low
R_yINrGhlhNRMBrpf,3,29,neg,0,1,low
R_yINrGhlhNRMBrpf,5,32,neg,0,1,low
R_DCbFeFEFYoMx5cd,4,22,neg,1,1,low
R_DCbFeFEFYoMx5cd,2,19,neg,1,1,low
R_DCbFeFEFYoMx5cd,1,26,neg,1,1,low
R_DCbFeFEFYoMx5cd,3,29,neg,1,1,low
R_DCbFeFEFYoMx5cd,5,32,neg,0,1,low
R_1PUIsB2NgFBGV9I,1,74,pos,1,1,low
R_1PUIsB2NgFBGV9I,2,81,pos,1,1,low
R_1PUIsB2NgFBGV9I,3,71,pos,1,1,low
R_1PUIsB2NgFBGV9I,4,78,pos,1,1,low
R_1PUIsB2NgFBGV9I,5,68,pos,0,1,low
R_2RWhv9w4rWHKbCI,1,74,pos,1,3,high
R_2RWhv9w4rWHKbCI,2,81,pos,2,3,high
R_2RWhv9w4rWHKbCI,3,71,pos,1,3,high
R_2RWhv9w4rWHKbCI,4,78,pos,2,3,high
R_2RWhv9w4rWHKbCI,5,68,pos,1,3,high
R_WcT2fMkdUYhobJv,4,22,neg,2,4,high
R_WcT2fMkdUYhobJv,2,19,neg,2,4,high
R_WcT2fMkdUYhobJv,1,26,neg,1,4,high
R_WcT2fMkdUYhobJv,3,29,neg,1,4,high
R_WcT2fMkdUYhobJv,5,32,neg,1,4,high
R_1rvmOn7RdMcZQUH,1,74,pos,2,4,high
R_1rvmOn7RdMcZQUH,2,81,pos,3,4,high
R_1rvmOn7RdMcZQUH,3,71,pos,2,4,high
R_1rvmOn7RdMcZQUH,4,78,pos,2,4,high
R_1rvmOn7RdMcZQUH,5,68,pos,1,4,high
R_xsZZnblXpyv0jEl,4,22,neg,1,3,high
R_xsZZnblXpyv0jEl,2,19,neg,1,3,high
R_xsZZnblXpyv0jEl,1,26,neg,1,3,high
R_xsZZnblXpyv0jEl,3,29,neg,1,3,high
R_xsZZnblXpyv0jEl,5,32,neg,0,3,high
R_esAy693FE1ZcNZD,4,22,neg,2,4,high
R_esAy693FE1ZcNZD,2,19,neg,2,4,high
R_esAy693FE1ZcNZD,1,26,neg,1,4,high
R_esAy693FE1ZcNZD,3,29,neg,1,4,high
R_esAy693FE1ZcNZD,5,32,neg,1,4,high
R_3m2hamu5pSAzhRH,1,74,pos,0,4,high
R_3m2hamu5pSAzhRH,2,81,pos,1,4,high
R_3m2hamu5pSAzhRH,3,71,pos,0,4,high
R_3m2hamu5pSAzhRH,4,78,pos,1,4,high
R_3m2hamu5pSAzhRH,5,68,pos,-1,4,high
R_1jQ8VCVtsKXRxiw,1,74,pos,3,3,high
R_1jQ8VCVtsKXRxiw,2,81,pos,3,3,high
R_1jQ8VCVtsKXRxiw,3,71,pos,3,3,high
R_1jQ8VCVtsKXRxiw,4,78,pos,3,3,high
R_1jQ8VCVtsKXRxiw,5,68,pos,2,3,high
R_1HjBExUIDs9WEdP,4,22,neg,2,3,high
R_1HjBExUIDs9WEdP,2,19,neg,2,3,high
R_1HjBExUIDs9WEdP,1,26,neg,2,3,high
R_1HjBExUIDs9WEdP,3,29,neg,1,3,high
R_1HjBExUIDs9WEdP,5,32,neg,1,3,high
R_24IpPVNeeu8TDzO,4,22,neg,2,0,low
R_24IpPVNeeu8TDzO,2,19,neg,2,0,low
R_24IpPVNeeu8TDzO,1,26,neg,1,0,low
R_24IpPVNeeu8TDzO,3,29,neg,0,0,low
R_24IpPVNeeu8TDzO,5,32,neg,0,0,low
R_2trG4X33oIM9rKc,1,74,pos,2,1,low
R_2trG4X33oIM9rKc,2,81,pos,2,1,low
R_2trG4X33oIM9rKc,3,71,pos,2,1,low
R_2trG4X33oIM9rKc,4,78,pos,2,1,low
R_2trG4X33oIM9rKc,5,68,pos,1,1,low
R_2nPd5UP0formABX,4,22,neg,2,2,low
R_2nPd5UP0formABX,2,19,neg,3,2,low
R_2nPd5UP0formABX,1,26,neg,2,2,low
R_2nPd5UP0formABX,3,29,neg,2,2,low
R_2nPd5UP0formABX,5,32,neg,1,2,low
R_2cbINKNuT1bH75H,4,22,neg,2,1,low
R_2cbINKNuT1bH75H,2,19,neg,2,1,low
R_2cbINKNuT1bH75H,1,26,neg,2,1,low
R_2cbINKNuT1bH75H,3,29,neg,1,1,low
R_2cbINKNuT1bH75H,5,32,neg,1,1,low
R_1li6qLYX157qOXD,1,74,pos,2,2,low
R_1li6qLYX157qOXD,2,81,pos,2,2,low
R_1li6qLYX157qOXD,3,71,pos,1,2,low
R_1li6qLYX157qOXD,4,78,pos,2,2,low
R_1li6qLYX157qOXD,5,68,pos,1,2,low
R_1GNvaDM7rJGJ731,1,74,pos,2,3,high
R_1GNvaDM7rJGJ731,2,81,pos,2,3,high
R_1GNvaDM7rJGJ731,3,71,pos,2,3,high
R_1GNvaDM7rJGJ731,4,78,pos,2,3,high
R_1GNvaDM7rJGJ731,5,68,pos,1,3,high
R_2ASdWcdjbdgWptH,4,22,neg,1,1,low
R_2ASdWcdjbdgWptH,2,19,neg,1,1,low
R_2ASdWcdjbdgWptH,1,26,neg,2,1,low
R_2ASdWcdjbdgWptH,3,29,neg,-1,1,low
R_2ASdWcdjbdgWptH,5,32,neg,-1,1,low
R_5pSPa593z6UA6Hv,4,22,neg,1,1,low
R_5pSPa593z6UA6Hv,2,19,neg,1,1,low
R_5pSPa593z6UA6Hv,1,26,neg,0,1,low
R_5pSPa593z6UA6Hv,3,29,neg,0,1,low
R_5pSPa593z6UA6Hv,5,32,neg,0,1,low
R_Ztaca7JfkcdzA0V,1,74,pos,3,1,low
R_Ztaca7JfkcdzA0V,2,81,pos,3,1,low
R_Ztaca7JfkcdzA0V,3,71,pos,2,1,low
R_Ztaca7JfkcdzA0V,4,78,pos,3,1,low
R_Ztaca7JfkcdzA0V,5,68,pos,2,1,low
R_3r3dAOcrcJQ4lsf,4,22,neg,1,3,high
R_3r3dAOcrcJQ4lsf,2,19,neg,2,3,high
R_3r3dAOcrcJQ4lsf,1,26,neg,1,3,high
R_3r3dAOcrcJQ4lsf,3,29,neg,0,3,high
R_3r3dAOcrcJQ4lsf,5,32,neg,0,3,high
R_2DS1osxWqGJ8NT3,4,22,neg,2,0,low
R_2DS1osxWqGJ8NT3,2,19,neg,2,0,low
R_2DS1osxWqGJ8NT3,1,26,neg,1,0,low
R_2DS1osxWqGJ8NT3,3,29,neg,1,0,low
R_2DS1osxWqGJ8NT3,5,32,neg,1,0,low
R_PuJQbmsNLUfccuZ,1,74,pos,2,1,low
R_PuJQbmsNLUfccuZ,2,81,pos,2,1,low
R_PuJQbmsNLUfccuZ,3,71,pos,2,1,low
R_PuJQbmsNLUfccuZ,4,78,pos,2,1,low
R_PuJQbmsNLUfccuZ,5,68,pos,1,1,low
R_3JJInfqd39ZYoro,1,74,pos,1,3,high
R_3JJInfqd39ZYoro,2,81,pos,2,3,high
R_3JJInfqd39ZYoro,3,71,pos,1,3,high
R_3JJInfqd39ZYoro,4,78,pos,1,3,high
R_3JJInfqd39ZYoro,5,68,pos,0,3,high
R_1HjJwgxy3omfzkD,4,22,neg,2,4,high
R_1HjJwgxy3omfzkD,2,19,neg,2,4,high
R_1HjJwgxy3omfzkD,1,26,neg,1,4,high
R_1HjJwgxy3omfzkD,3,29,neg,0,4,high
R_1HjJwgxy3omfzkD,5,32,neg,0,4,high
R_bQ9uHHD0MPEhoiJ,1,74,pos,1,1,low
R_bQ9uHHD0MPEhoiJ,2,81,pos,2,1,low
R_bQ9uHHD0MPEhoiJ,3,71,pos,1,1,low
R_bQ9uHHD0MPEhoiJ,4,78,pos,2,1,low
R_bQ9uHHD0MPEhoiJ,5,68,pos,-1,1,low
R_3rVapahHpOCGzkT,1,74,pos,2,4,high
R_3rVapahHpOCGzkT,2,81,pos,2,4,high
R_3rVapahHpOCGzkT,3,71,pos,2,4,high
R_3rVapahHpOCGzkT,4,78,pos,2,4,high
R_3rVapahHpOCGzkT,5,68,pos,1,4,high
R_b742FYxkYr7xMIh,4,22,neg,1,2,low
R_b742FYxkYr7xMIh,2,19,neg,1,2,low
R_b742FYxkYr7xMIh,1,26,neg,1,2,low
R_b742FYxkYr7xMIh,3,29,neg,0,2,low
R_b742FYxkYr7xMIh,5,32,neg,0,2,low
R_r0baIcUvxPZJaHD,4,22,neg,2,2,low
R_r0baIcUvxPZJaHD,2,19,neg,2,2,low
R_r0baIcUvxPZJaHD,1,26,neg,2,2,low
R_r0baIcUvxPZJaHD,3,29,neg,2,2,low
R_r0baIcUvxPZJaHD,5,32,neg,1,2,low
R_VOOnpjZOOAgtlNT,4,22,neg,1,3,high
R_VOOnpjZOOAgtlNT,2,19,neg,1,3,high
R_VOOnpjZOOAgtlNT,1,26,neg,1,3,high
R_VOOnpjZOOAgtlNT,3,29,neg,1,3,high
R_VOOnpjZOOAgtlNT,5,32,neg,0,3,high
R_ykLfAgkTFkNHNUR,1,74,pos,1,1,low
R_ykLfAgkTFkNHNUR,2,81,pos,2,1,low
R_ykLfAgkTFkNHNUR,3,71,pos,1,1,low
R_ykLfAgkTFkNHNUR,4,78,pos,2,1,low
R_ykLfAgkTFkNHNUR,5,68,pos,1,1,low
R_2zSnBY4Nd8tAEgG,4,22,neg,2,1,low
R_2zSnBY4Nd8tAEgG,2,19,neg,2,1,low
R_2zSnBY4Nd8tAEgG,1,26,neg,2,1,low
R_2zSnBY4Nd8tAEgG,3,29,neg,1,1,low
R_2zSnBY4Nd8tAEgG,5,32,neg,1,1,low
R_1Cf4vATi3WCKN9A,1,74,pos,2,4,high
R_1Cf4vATi3WCKN9A,2,81,pos,3,4,high
R_1Cf4vATi3WCKN9A,3,71,pos,2,4,high
R_1Cf4vATi3WCKN9A,4,78,pos,2,4,high
R_1Cf4vATi3WCKN9A,5,68,pos,2,4,high
R_1pnyx1eTTO0QObM,1,74,pos,1,2,low
R_1pnyx1eTTO0QObM,2,81,pos,1,2,low
R_1pnyx1eTTO0QObM,3,71,pos,1,2,low
R_1pnyx1eTTO0QObM,4,78,pos,1,2,low
R_1pnyx1eTTO0QObM,5,68,pos,0,2,low
R_1jGRVV37DXQM1uq,4,22,neg,2,0,low
R_1jGRVV37DXQM1uq,2,19,neg,2,0,low
R_1jGRVV37DXQM1uq,1,26,neg,2,0,low
R_1jGRVV37DXQM1uq,3,29,neg,1,0,low
R_1jGRVV37DXQM1uq,5,32,neg,1,0,low
R_qyKuOAnEc2DQICd,4,22,neg,2,1,low
R_qyKuOAnEc2DQICd,2,19,neg,2,1,low
R_qyKuOAnEc2DQICd,1,26,neg,1,1,low
R_qyKuOAnEc2DQICd,3,29,neg,1,1,low
R_qyKuOAnEc2DQICd,5,32,neg,-1,1,low
R_tRic7wLvRQQESCR,1,74,pos,2,4,high
R_tRic7wLvRQQESCR,2,81,pos,2,4,high
R_tRic7wLvRQQESCR,3,71,pos,2,4,high
R_tRic7wLvRQQESCR,4,78,pos,2,4,high
R_tRic7wLvRQQESCR,5,68,pos,1,4,high
R_2Wu6aB6GRsWChzZ,1,74,pos,1,4,high
R_2Wu6aB6GRsWChzZ,2,81,pos,2,4,high
R_2Wu6aB6GRsWChzZ,3,71,pos,1,4,high
R_2Wu6aB6GRsWChzZ,4,78,pos,2,4,high
R_2Wu6aB6GRsWChzZ,5,68,pos,1,4,high
R_3hucL5l41aenOnJ,4,22,neg,-3,1,low
R_3hucL5l41aenOnJ,2,19,neg,1,1,low
R_3hucL5l41aenOnJ,1,26,neg,-3,1,low
R_3hucL5l41aenOnJ,3,29,neg,-3,1,low
R_3hucL5l41aenOnJ,5,32,neg,-3,1,low
R_2VBV1kFPKUiuGtA,4,22,neg,2,1,low
R_2VBV1kFPKUiuGtA,2,19,neg,2,1,low
R_2VBV1kFPKUiuGtA,1,26,neg,1,1,low
R_2VBV1kFPKUiuGtA,3,29,neg,0,1,low
R_2VBV1kFPKUiuGtA,5,32,neg,0,1,low
R_3qmtpoD35NFwlo8,1,74,pos,0,0,low
R_3qmtpoD35NFwlo8,2,81,pos,0,0,low
R_3qmtpoD35NFwlo8,3,71,pos,1,0,low
R_3qmtpoD35NFwlo8,4,78,pos,-1,0,low
R_3qmtpoD35NFwlo8,5,68,pos,-1,0,low
R_D334PkkKsvZ02qZ,4,22,neg,2,3,high
R_D334PkkKsvZ02qZ,2,19,neg,2,3,high
R_D334PkkKsvZ02qZ,1,26,neg,1,3,high
R_D334PkkKsvZ02qZ,3,29,neg,0,3,high
R_D334PkkKsvZ02qZ,5,32,neg,0,3,high
R_2fHcgRy3rOzzK9R,1,74,pos,1,0,low
R_2fHcgRy3rOzzK9R,2,81,pos,-3,0,low
R_2fHcgRy3rOzzK9R,3,71,pos,1,0,low
R_2fHcgRy3rOzzK9R,4,78,pos,1,0,low
R_2fHcgRy3rOzzK9R,5,68,pos,2,0,low
R_w1b6cH4VqubXzZn,4,22,neg,2,2,low
R_w1b6cH4VqubXzZn,2,19,neg,2,2,low
R_w1b6cH4VqubXzZn,1,26,neg,2,2,low
R_w1b6cH4VqubXzZn,3,29,neg,1,2,low
R_w1b6cH4VqubXzZn,5,32,neg,1,2,low
R_1GxYB4Nu5YSrSVR,4,22,neg,-1,1,low
R_1GxYB4Nu5YSrSVR,2,19,neg,-1,1,low
R_1GxYB4Nu5YSrSVR,1,26,neg,-2,1,low
R_1GxYB4Nu5YSrSVR,3,29,neg,-2,1,low
R_1GxYB4Nu5YSrSVR,5,32,neg,-2,1,low
R_3iRaR2zPOPJzoZN,4,22,neg,1,3,high
R_3iRaR2zPOPJzoZN,2,19,neg,2,3,high
R_3iRaR2zPOPJzoZN,1,26,neg,1,3,high
R_3iRaR2zPOPJzoZN,3,29,neg,1,3,high
R_3iRaR2zPOPJzoZN,5,32,neg,1,3,high
R_2DS8Tfi9E9h7xoi,1,74,pos,1,2,low
R_2DS8Tfi9E9h7xoi,2,81,pos,2,2,low
R_2DS8Tfi9E9h7xoi,3,71,pos,1,2,low
R_2DS8Tfi9E9h7xoi,4,78,pos,1,2,low
R_2DS8Tfi9E9h7xoi,5,68,pos,1,2,low
R_2TtkG9Kh4OjDijp,4,22,neg,-1,1,low
R_2TtkG9Kh4OjDijp,2,19,neg,-1,1,low
R_2TtkG9Kh4OjDijp,1,26,neg,-1,1,low
R_2TtkG9Kh4OjDijp,3,29,neg,-1,1,low
R_2TtkG9Kh4OjDijp,5,32,neg,-2,1,low
R_1mUYQLYqVNez4gp,1,74,pos,1,3,high
R_1mUYQLYqVNez4gp,2,81,pos,2,3,high
R_1mUYQLYqVNez4gp,3,71,pos,1,3,high
R_1mUYQLYqVNez4gp,4,78,pos,2,3,high
R_1mUYQLYqVNez4gp,5,68,pos,1,3,high
R_u81jrkdqnstc7Ml,4,22,neg,2,1,low
R_u81jrkdqnstc7Ml,2,19,neg,2,1,low
R_u81jrkdqnstc7Ml,1,26,neg,1,1,low
R_u81jrkdqnstc7Ml,3,29,neg,1,1,low
R_u81jrkdqnstc7Ml,5,32,neg,1,1,low
R_2SHxcdV6TS27Ss6,4,22,neg,2,2,low
R_2SHxcdV6TS27Ss6,2,19,neg,2,2,low
R_2SHxcdV6TS27Ss6,1,26,neg,1,2,low
R_2SHxcdV6TS27Ss6,3,29,neg,1,2,low
R_2SHxcdV6TS27Ss6,5,32,neg,0,2,low
R_OfMzjnaUOMuVrmF,1,74,pos,1,3,high
R_OfMzjnaUOMuVrmF,2,81,pos,2,3,high
R_OfMzjnaUOMuVrmF,3,71,pos,1,3,high
R_OfMzjnaUOMuVrmF,4,78,pos,2,3,high
R_OfMzjnaUOMuVrmF,5,68,pos,1,3,high
R_qJkkMYsFxZAszD3,4,22,neg,1,4,high
R_qJkkMYsFxZAszD3,2,19,neg,1,4,high
R_qJkkMYsFxZAszD3,1,26,neg,-1,4,high
R_qJkkMYsFxZAszD3,3,29,neg,-2,4,high
R_qJkkMYsFxZAszD3,5,32,neg,-2,4,high
R_2mdeQIHQFYyLNuh,4,22,neg,2,4,high
R_2mdeQIHQFYyLNuh,2,19,neg,2,4,high
R_2mdeQIHQFYyLNuh,1,26,neg,1,4,high
R_2mdeQIHQFYyLNuh,3,29,neg,1,4,high
R_2mdeQIHQFYyLNuh,5,32,neg,1,4,high
R_12GC6S5wYff365T,4,22,neg,1,4,high
R_12GC6S5wYff365T,2,19,neg,2,4,high
R_12GC6S5wYff365T,1,26,neg,0,4,high
R_12GC6S5wYff365T,3,29,neg,-1,4,high
R_12GC6S5wYff365T,5,32,neg,-2,4,high
R_3D8DfLEr89UBhA3,1,74,pos,1,1,low
R_3D8DfLEr89UBhA3,2,81,pos,2,1,low
R_3D8DfLEr89UBhA3,3,71,pos,1,1,low
R_3D8DfLEr89UBhA3,4,78,pos,2,1,low
R_3D8DfLEr89UBhA3,5,68,pos,1,1,low
R_SB0TQPXpSZDl7hv,1,74,pos,1,0,low
R_SB0TQPXpSZDl7hv,2,81,pos,2,0,low
R_SB0TQPXpSZDl7hv,3,71,pos,1,0,low
R_SB0TQPXpSZDl7hv,4,78,pos,1,0,low
R_SB0TQPXpSZDl7hv,5,68,pos,1,0,low
R_RrCS7SiKwdfNia5,4,22,neg,2,3,high
R_RrCS7SiKwdfNia5,2,19,neg,2,3,high
R_RrCS7SiKwdfNia5,1,26,neg,2,3,high
R_RrCS7SiKwdfNia5,3,29,neg,1,3,high
R_RrCS7SiKwdfNia5,5,32,neg,1,3,high
R_1K8gZQZFsFPD0qs,1,74,pos,0,0,low
R_1K8gZQZFsFPD0qs,2,81,pos,0,0,low
R_1K8gZQZFsFPD0qs,3,71,pos,1,0,low
R_1K8gZQZFsFPD0qs,4,78,pos,1,0,low
R_1K8gZQZFsFPD0qs,5,68,pos,1,0,low
R_UFo6gmOK5PGNlKh,1,74,pos,1,0,low
R_UFo6gmOK5PGNlKh,2,81,pos,2,0,low
R_UFo6gmOK5PGNlKh,3,71,pos,1,0,low
R_UFo6gmOK5PGNlKh,4,78,pos,1,0,low
R_UFo6gmOK5PGNlKh,5,68,pos,1,0,low
R_3fclnkNpV8iZChG,1,74,pos,2,0,low
R_3fclnkNpV8iZChG,2,81,pos,2,0,low
R_3fclnkNpV8iZChG,3,71,pos,2,0,low
R_3fclnkNpV8iZChG,4,78,pos,2,0,low
R_3fclnkNpV8iZChG,5,68,pos,1,0,low
R_3HncGEgWQYg3oCD,1,74,pos,2,0,low
R_3HncGEgWQYg3oCD,2,81,pos,2,0,low
R_3HncGEgWQYg3oCD,3,71,pos,1,0,low
R_3HncGEgWQYg3oCD,4,78,pos,2,0,low
R_3HncGEgWQYg3oCD,5,68,pos,1,0,low
R_2AL65P790WkFJKa,1,74,pos,1,4,high
R_2AL65P790WkFJKa,2,81,pos,2,4,high
R_2AL65P790WkFJKa,3,71,pos,1,4,high
R_2AL65P790WkFJKa,4,78,pos,2,4,high
R_2AL65P790WkFJKa,5,68,pos,1,4,high
R_1luu9XGfu1MSqxp,4,22,neg,1,0,low
R_1luu9XGfu1MSqxp,2,19,neg,1,0,low
R_1luu9XGfu1MSqxp,1,26,neg,1,0,low
R_1luu9XGfu1MSqxp,3,29,neg,0,0,low
R_1luu9XGfu1MSqxp,5,32,neg,0,0,low
R_2WARryyIjCys6Pe,1,74,pos,1,1,low
R_2WARryyIjCys6Pe,2,81,pos,2,1,low
R_2WARryyIjCys6Pe,3,71,pos,1,1,low
R_2WARryyIjCys6Pe,4,78,pos,1,1,low
R_2WARryyIjCys6Pe,5,68,pos,1,1,low
R_emlKMQEoITTXBpD,4,22,neg,1,2,low
R_emlKMQEoITTXBpD,2,19,neg,1,2,low
R_emlKMQEoITTXBpD,1,26,neg,1,2,low
R_emlKMQEoITTXBpD,3,29,neg,0,2,low
R_emlKMQEoITTXBpD,5,32,neg,0,2,low
R_3OqUm2FdB3NhHNA,1,74,pos,1,2,low
R_3OqUm2FdB3NhHNA,2,81,pos,2,2,low
R_3OqUm2FdB3NhHNA,3,71,pos,1,2,low
R_3OqUm2FdB3NhHNA,4,78,pos,2,2,low
R_3OqUm2FdB3NhHNA,5,68,pos,1,2,low
R_USYbDmkd8GqR2Cd,4,22,neg,2,4,high
R_USYbDmkd8GqR2Cd,2,19,neg,3,4,high
R_USYbDmkd8GqR2Cd,1,26,neg,1,4,high
R_USYbDmkd8GqR2Cd,3,29,neg,1,4,high
R_USYbDmkd8GqR2Cd,5,32,neg,1,4,high
R_2VjRzzn8JlJMpmV,4,22,neg,-1,2,low
R_2VjRzzn8JlJMpmV,2,19,neg,1,2,low
R_2VjRzzn8JlJMpmV,1,26,neg,-1,2,low
R_2VjRzzn8JlJMpmV,3,29,neg,-1,2,low
R_2VjRzzn8JlJMpmV,5,32,neg,-2,2,low
R_qCI7UtNG1XLxOox,1,74,pos,0,NA,NA
R_qCI7UtNG1XLxOox,2,81,pos,0,NA,NA
R_qCI7UtNG1XLxOox,3,71,pos,2,NA,NA
R_qCI7UtNG1XLxOox,4,78,pos,0,NA,NA
R_1M6yCFuvWPtQTga,4,22,neg,2,NA,NA
R_1M6yCFuvWPtQTga,2,19,neg,2,NA,NA
R_1M6yCFuvWPtQTga,1,26,neg,1,NA,NA
R_1M6yCFuvWPtQTga,3,29,neg,1,NA,NA
R_1M6yCFuvWPtQTga,5,32,neg,1,NA,NA
R_2qwQ3bikx05Ykn4,1,74,pos,2,4,high
R_2qwQ3bikx05Ykn4,2,81,pos,2,4,high
R_2qwQ3bikx05Ykn4,3,71,pos,1,4,high
R_2qwQ3bikx05Ykn4,4,78,pos,2,4,high
R_2qwQ3bikx05Ykn4,5,68,pos,1,4,high
R_WrLExMU3fGqkSvD,1,74,pos,1,NA,NA
R_WrLExMU3fGqkSvD,2,81,pos,1,NA,NA
R_2R7Emlw2RgRorAm,4,22,neg,1,NA,NA
R_2R7Emlw2RgRorAm,2,19,neg,1,NA,NA
R_2R7Emlw2RgRorAm,1,26,neg,1,NA,NA
R_2R7Emlw2RgRorAm,3,29,neg,1,NA,NA
R_2R7Emlw2RgRorAm,5,32,neg,-1,NA,NA
R_2sTJkblWdciXBSV,4,22,neg,1,2,low
R_2sTJkblWdciXBSV,2,19,neg,1,2,low
R_2sTJkblWdciXBSV,1,26,neg,0,2,low
R_2sTJkblWdciXBSV,3,29,neg,0,2,low
R_2sTJkblWdciXBSV,5,32,neg,0,2,low
R_1rpN0rkLd3IAskt,4,22,neg,2,NA,NA
R_1rpN0rkLd3IAskt,2,19,neg,1,NA,NA
R_1rpN0rkLd3IAskt,1,26,neg,0,NA,NA
R_1rpN0rkLd3IAskt,3,29,neg,-1,NA,NA
R_1rpN0rkLd3IAskt,5,32,neg,-1,NA,NA
R_1QnL6XlgH0MKF8l,1,74,pos,1,NA,NA
R_1QnL6XlgH0MKF8l,2,81,pos,2,NA,NA
